School,Borough,Tested,Passed,8th graders,7,Gain/Loss,% Tested,% Passed,% Passed Overall,% Asian,% Black,% Hispanic,% White,% with Disabilities,% ELL,% Poverty,Economic Need Index
The Christa McAuliffe School\I.S. 187,Brooklyn,251,205,274,19,-186,91.6,81.7,74.8,67.5,1.3,6.8,23.9,11.3,3.3,65.8,57.9%
Mark Twain I.S. 239 for the Gifted & Talented,Brooklyn,336,196,429,30,-166,78.3,58.3,45.7,27.8,6.9,5.7,51.4,11.9,1.1,37.7,35.0%
J.H.S. 054 Booker T. Washington,Manhattan,257,150,282,20,-130,91.1,58.4,53.2,11.0,8.6,14.7,57.7,11.5,1.1,23.8,21.6%
New York City Lab Middle School for Collaborative,Manhattan,163,113,181,13,-100,90.1,69.3,62.4,55.1,2.0,6.5,30.0,16.4,1.4,38.3,38.1%
M.S. 51 William Alexander,Brooklyn,280,122,369,26,-96,75.9,43.6,33.1,16.4,7.6,20.4,51.0,17.7,2.2,28.7,32.5%
"New Explorations into Science, Technology and Math",Manhattan,126,91,136,10,-81,92.6,72.2,66.9,33.2,7.7,11.8,39.9,8.0,0.8,22.8,27.8%
I.S. 98 Bay Academy,Brooklyn,372,104,495,35,-69,75.2,28.0,21.0,27.3,2.8,8.8,58.6,9.2,1.4,55.0,48.3%
J.H.S. 074 Nathaniel Hawthorne,Queens,233,95,417,29,-66,55.9,40.8,22.8,66.5,4.3,10.7,17.4,13.2,7.6,48.4,38.4%
East Side Middle School,Manhattan,124,75,152,11,-64,81.6,60.5,49.3,12.2,3.6,8.9,67.6,15.8,0.0,10.9,10.8%
J.H.S. 201 The Dyker Heights,Brooklyn,338,101,524,37,-64,64.5,29.9,19.3,51.8,0.6,15.4,31.6,13.4,9.0,75.3,63.2%
M.S. 255 Salk School of Science,Manhattan,108,70,128,9,-61,84.4,64.8,54.7,16.6,1.8,11.4,61.4,16.6,0.5,10.6,14.6%
J.H.S. 216 George J. Ryan,Queens,304,95,488,34,-61,62.3,31.3,19.5,65.8,4.9,13.2,14.1,12.7,6.2,67.4,52.8%
J.H.S. 067 Louis Pasteur,Queens,211,82,309,22,-60,68.3,38.9,26.5,60.6,3.7,11.7,22.1,8.8,3.9,40.3,30.5%
M.S. 158 Marie Curie,Queens,236,84,381,27,-57,61.9,35.6,22.0,62.3,4.8,14.8,16.6,12.8,7.6,56.0,42.3%
J.H.S. 185 Edward Bleeker,Queens,250,93,536,38,-55,46.6,37.2,17.4,55.7,2.6,29.8,11.2,14.4,12.5,76.7,61.8%
Baccalaureate School for Global Education,Queens,94,62,119,8,-54,79.0,66.0,52.1,46.1,3.7,17.0,28.5,5.2,1.1,43.0,38.6%
The Anderson School,Manhattan,75,58,76,5,-53,98.7,77.3,76.3,27.0,2.8,9.1,51.2,6.5,0.2,8.4,14.2%
J.H.S. 167 Robert F. Wagner,Manhattan,258,77,429,30,-47,60.1,29.8,17.9,21.0,6.0,15.9,52.1,16.2,3.1,30.6,29.2%
J.H.S. 259 William Mckinley,Brooklyn,309,86,580,41,-45,53.3,27.8,14.8,44.4,1.2,20.1,33.6,12.0,13.1,80.5,73.0%
P.S. 122 Mamie Fay,Queens,74,49,75,5,-44,98.7,66.2,65.3,26.2,5.0,20.2,43.4,9.3,7.9,53.3,48.4%
I.S. 119 The Glendale,Queens,104,59,219,15,-44,47.5,56.7,26.9,25.8,1.8,30.4,39.4,8.8,3.6,73.3,46.3%
Brooklyn School of Inquiry,Brooklyn,80,46,85,6,-40,94.1,57.5,54.1,20.0,4.9,4.9,67.3,6.2,8.7,22.4,26.6%
The Math & Science Exploratory School,Brooklyn,134,51,178,12,-39,75.3,38.1,28.7,9.5,11.4,20.1,55.3,21.4,0.9,20.1,23.2%
J.H.S. 234 Arthur W. Cunningham,Brooklyn,370,79,685,48,-31,54.0,21.4,11.5,24.4,16.8,13.0,44.3,14.3,9.8,71.1,61.1%
J.H.S. 190 Russell Sage,Queens,172,53,346,24,-29,49.7,30.8,15.3,33.6,6.6,28.0,28.3,13.4,9.5,42.2,40.5%
J.H.S. 194 William Carr,Queens,147,54,393,28,-26,37.4,36.7,13.7,38.6,1.3,31.3,27.7,16.7,9.0,59.5,47.1%
J.H.S. 104 Simon Baruch,Manhattan,260,53,388,27,-26,67.0,20.4,13.7,33.7,7.5,19.0,34.7,17.0,4.1,43.8,41.8%
The SEEALL Academy,Brooklyn,113,38,175,12,-26,64.6,33.6,21.7,45.6,0.8,27.3,25.0,15.1,30.4,87.9,83.6%
I.S. 237,Queens,194,53,426,30,-23,45.5,27.3,12.4,74.6,5.9,16.8,1.9,13.0,21.7,84.3,72.4%
The 30th Avenue School (G&T Citywide),Queens,39,26,41,3,-23,95.1,66.7,63.4,43.8,5.9,9.0,31.3,5.7,2.2,26.9,29.2%
Tag Young Scholars,Manhattan,54,27,56,4,-23,96.4,50.0,48.2,38.8,18.6,17.0,15.3,4.6,0.0,38.5,40.2%
I.S. 73 - The Frank Sansivieri Intermediate School,Queens,394,73,768,54,-19,51.3,18.5,9.5,29.1,1.1,57.7,11.4,19.4,14.4,70.3,71.1%
Queens Gateway to Health Sciences Secondary School,Queens,61,23,83,6,-17,73.5,37.7,27.7,50.6,27.1,9.7,4.2,12.2,1.3,62.6,53.8%
P.S. 184m Shuang Wen,Manhattan,67,23,87,6,-17,77.0,34.3,26.4,69.4,3.7,13.5,7.3,16.5,15.1,67.5,64.0%
Columbia Secondary School,Manhattan,42,23,97,7,-16,43.3,54.8,23.7,9.5,23.4,40.9,22.8,15.0,0.6,53.6,54.2%
Battery Park City School,Manhattan,56,22,84,6,-16,66.7,39.3,26.2,19.6,4.1,13.2,54.1,17.8,3.1,12.6,14.0%
I.S. 075 Frank D. Paulo,Staten Island,153,46,430,30,-16,35.6,30.1,10.7,8.8,1.8,12.3,75.1,22.6,1.7,38.7,28.9%
J.H.S. 157 Stephen A. Halsey,Queens,249,52,533,37,-15,46.7,20.9,9.8,23.2,8.1,24.6,40.5,14.9,9.6,53.4,43.2%
East-West School of International Studies,Queens,70,20,105,7,-13,66.7,28.6,19.0,67.3,8.3,18.8,4.6,13.3,6.0,86.3,69.7%
BELL Academy,Queens,69,21,138,10,-11,50.0,30.4,15.2,30.9,5.1,31.2,31.2,24.0,1.6,48.3,38.4%
P.S. 229 Dyker,Brooklyn,93,20,128,9,-11,72.7,21.5,15.6,59.5,1.4,12.0,25.9,14.1,11.9,59.5,48.9%
Scholars' Academy,Queens,104,27,231,16,-11,45.0,26.0,11.7,19.6,16.8,19.9,42.0,11.6,0.1,47.3,33.6%
M.S. 260 Clinton School Writers & Artists,Manhattan,36,17,97,7,-10,37.1,47.2,17.5,12.6,4.6,11.4,64.1,16.4,0.3,13.6,20.1%
P.S. 126 Jacob August Riis,Manhattan,66,18,113,8,-10,58.4,27.3,15.9,62.1,9.3,18.0,7.9,18.2,16.7,79.6,77.6%
M.S. 243 Center School,Manhattan,38,14,57,4,-10,66.7,36.8,24.6,6.0,11.5,18.3,57.9,14.0,0.0,11.9,21.9%
M.S. M245 The Computer School,Manhattan,70,19,132,9,-10,53.0,27.1,14.4,8.0,12.0,27.5,47.7,19.2,2.0,27.3,31.0%
"The Queens College School for Math, Science and Technology",Queens,40,13,53,4,-9,75.5,32.5,24.5,54.2,20.9,12.8,8.1,9.3,6.3,50.0,39.7%
Irwin Altman Middle School 172,Queens,189,33,340,24,-9,55.6,17.5,9.7,63.6,8.8,15.1,11.0,16.1,5.0,62.3,41.7%
School of the Future High School,Manhattan,46,15,103,7,-8,44.7,32.6,14.6,17.1,11.1,26.4,36.4,20.9,1.7,38.9,41.4%
P.S. 102 Bayview,Queens,67,17,143,10,-7,46.9,25.4,11.9,60.9,2.9,32.0,3.3,13.3,14.4,85.4,67.1%
Albert Shanker School for Visual and Performing Arts,Queens,59,19,181,13,-6,32.6,32.2,10.5,28.3,16.7,45.7,8.8,20.5,8.4,86.5,79.3%
Spruce Street School,Manhattan,36,10,55,4,-6,65.5,27.8,18.2,15.8,3.3,13.9,55.1,16.9,3.0,13.2,13.3%
New Voices School of Academic & Creative Arts,Brooklyn,94,19,185,13,-6,50.8,20.2,10.3,4.9,7.4,32.8,52.0,21.0,1.4,30.3,32.3%
I.S. 025 Adrien Block,Queens,147,29,329,23,-6,44.7,19.7,8.8,53.2,2.5,23.9,19.5,14.9,13.0,58.2,48.3%
Tompkins Square Middle School,Manhattan,66,14,126,9,-5,52.4,21.2,11.1,23.1,13.7,38.6,20.9,26.5,2.1,68.9,67.4%
P.S. 049 Dorothy Bonawit Kole,Queens,43,14,133,9,-5,32.3,32.6,10.5,18.6,0.5,24.0,55.6,15.9,6.5,47.5,37.7%
Paula Hedbavny School,Manhattan,24,9,65,5,-4,36.9,37.5,13.8,2.1,2.0,78.9,15.9,19.5,15.2,66.7,60.3%
"Young Women's Leadership School, Queens",Queens,29,9,78,5,-4,37.2,31.0,11.5,36.6,43.9,11.7,2.3,15.1,1.4,79.0,60.4%
Mott Hall II,Manhattan,64,12,121,8,-4,52.9,18.8,9.9,4.4,26.6,43.3,19.3,23.1,2.0,62.0,57.9%
P.S. 008 Robert Fulton,Brooklyn,42,8,64,4,-4,65.6,19.0,12.5,6.3,15.2,12.0,59.0,12.6,2.9,18.3,18.5%
Hellenic Classical Charter School,Brooklyn,46,7,51,4,-3,90.2,15.2,13.7,3.8,17.3,44.9,30.0,8.2,3.4,54.5,48.6%
Institute for Collaborative Education,Manhattan,21,8,75,5,-3,28.0,38.1,10.7,6.9,19.1,16.7,52.0,10.6,0.8,25.0,32.6%
P.S./I.S. 266,Queens,33,8,77,5,-3,42.9,24.2,10.4,40.1,19.9,22.7,14.5,21.4,3.1,53.5,34.7%
P.S. 219 Paul Klapper,Queens,29,7,75,5,-2,38.7,24.1,9.3,48.3,7.0,28.5,15.1,27.6,18.2,73.5,58.1%
I.S. 141 The Steinway,Queens,170,26,347,24,-2,49.0,15.3,7.5,23.7,3.6,33.8,37.4,13.5,6.1,60.7,61.4%
I.S. 281 Joseph B Cavallaro,Brooklyn,171,30,406,28,-2,42.1,17.5,7.4,41.0,6.4,24.2,28.0,18.1,17.5,86.9,74.7%
Success Academy Charter School - Bronx 2,Bronx,36,6,66,5,-1,54.5,16.7,9.1,1.3,61.3,35.9,1.0,12.7,5.8,80.5,82.5%
Hunters Point Community Middle School,Queens,65,11,143,10,-1,45.5,16.9,7.7,14.0,9.7,48.7,24.0,23.8,4.0,50.8,54.5%
P.S. 206 Joseph F Lamb,Brooklyn,51,9,116,8,-1,44.0,17.6,7.8,47.6,1.6,9.6,39.6,12.4,22.6,73.3,59.3%
"P.S. 128 The Lorraine Tuzzo, Juniper Valley Elemen",Queens,46,9,117,8,-1,39.3,19.6,7.7,3.3,0.5,19.6,76.2,14.0,4.0,36.4,25.2%
P.S. 048 William G. Wilcox,Staten Island,70,9,118,8,-1,59.3,12.9,7.6,19.6,3.9,17.5,57.2,18.8,7.3,41.5,34.4%
P.S. 163 Bath Beach,Brooklyn,39,7,90,6,-1,43.3,17.9,7.8,31.3,1.3,34.8,32.4,18.6,22.7,80.4,74.7%
P.S. 235 Janice Marie Knight School,Brooklyn,89,7,91,6,-1,97.8,7.9,7.7,1.3,92.8,2.4,1.5,8.2,1.4,71.5,55.0%
Brooklyn Prospect Charter School,Brooklyn,24,8,108,8,-0,22.2,33.3,7.4,8.4,11.6,36.1,39.4,17.8,1.5,46.5,41.1%
P.S. 226 Alfred De B.Mason,Brooklyn,44,7,100,7,0,44.0,15.9,7.0,30.5,1.7,29.5,37.4,15.8,26.1,85.7,78.2%
Brooklyn Urban Garden Charter School,Brooklyn,43,7,100,7,0,43.0,16.3,7.0,2.5,39.4,32.7,19.4,21.1,2.8,57.7,57.6%
P.S. 164 Queens Valley,Queens,38,6,87,6,0,43.7,15.8,6.9,31.7,4.8,27.1,34.6,15.3,15.6,73.4,54.5%
J.H.S. 118 William W. Niles,Bronx,270,29,416,29,0,64.9,10.7,7.0,14.8,21.8,59.9,2.9,23.0,10.7,89.8,87.6%
M.S. 839,Brooklyn,36,7,105,7,0,34.3,19.4,6.7,13.5,15.3,24.2,41.4,29.4,5.2,42.9,47.5%
J.H.S. 189 Daniel Carter Beard,Queens,97,17,248,17,0,39.1,17.5,6.9,66.0,3.0,27.5,3.0,16.0,26.8,77.2,78.9%
The Boerum Hill School for International Studies,Brooklyn,32,6,96,7,1,33.3,18.8,6.3,4.4,34.5,25.5,29.6,23.3,9.5,56.6,56.6%
P.S./I.S. 104 The Fort Hamilton School,Brooklyn,87,11,170,12,1,51.2,12.6,6.5,20.0,4.3,26.6,46.2,14.4,11.4,64.0,54.4%
Lower Manhattan Community Middle School,Manhattan,70,8,129,9,1,54.3,11.4,6.2,42.6,10.9,16.6,27.5,27.5,6.2,57.4,56.8%
Middle Village Prep Charter School,Queens,58,6,117,8,2,49.6,10.3,5.1,3.6,2.5,55.7,38.2,11.7,2.0,49.4,49.0%
Riverdale / Kingsbridge Academy (Middle School / H,Bronx,75,15,250,18,3,30.0,20.0,6.0,7.7,9.0,56.4,25.4,19.7,6.7,51.4,46.9%
P.S./I.S. 30 Mary White Ovington,Brooklyn,51,6,124,9,3,41.1,11.8,4.8,23.5,1.5,30.2,43.8,20.3,22.9,80.0,75.5%
M.S. 131,Manhattan,54,7,139,10,3,38.8,13.0,5.0,81.4,6.0,10.6,1.8,25.7,32.6,93.3,85.3%
P.S. 083 Donald Hertz,Bronx,77,13,229,16,3,33.6,16.9,5.7,9.0,6.7,48.2,35.0,18.8,17.5,64.0,70.6%
M.S. X101 Edward R. Byrne,Bronx,66,7,147,10,3,44.9,10.6,4.8,12.5,9.9,57.0,18.6,23.8,1.7,74.5,54.0%
West End Secondary School,Manhattan,31,6,133,9,3,23.3,19.4,4.5,8.0,5.9,18.9,62.8,22.4,0.9,18.9,18.8%
P.S./M.S. 194,Bronx,64,8,162,11,3,39.5,12.5,4.9,36.3,6.0,49.7,5.7,14.4,19.6,80.1,83.7%
I.S. 125 Thom J. McCann Woodside,Queens,272,34,535,37,3,50.8,12.5,6.4,38.2,1.9,54.3,4.8,16.5,17.2,75.7,78.0%
J.H.S. 223 The Montauk,Brooklyn,142,19,323,23,4,44.0,13.4,5.9,62.1,1.8,26.1,9.5,14.7,33.6,97.5,89.9%
Marsh Avenue School for Expeditionary Learning,Staten Island,70,7,156,11,4,44.9,10.0,4.5,8.9,6.5,24.2,59.0,23.5,1.1,37.0,32.4%
I.S. 5 - The Walter Crowley Intermediate School,Queens,264,40,630,44,4,41.9,15.2,6.3,43.7,1.6,51.7,2.2,17.0,16.6,78.6,76.3%
I.S. 230,Queens,157,26,434,30,4,36.2,16.6,6.0,33.7,0.5,60.0,4.7,13.4,15.0,81.6,72.0%
Conselyea Preparatory School,Brooklyn,90,7,169,12,5,53.3,7.8,4.1,1.8,4.6,56.4,37.1,19.1,3.0,52.8,60.2%
I.S. 227 Louis Armstrong,Queens,206,27,460,32,5,44.8,13.1,5.9,13.6,8.2,50.3,26.5,14.4,4.0,72.3,61.7%
J.H.S. 292 Margaret S. Douglas,Brooklyn,81,9,206,14,5,39.3,11.1,4.4,16.8,48.5,30.0,3.0,24.5,14.6,93.7,93.2%
I.S. 007 Elias Bernstein,Staten Island,129,22,393,28,6,32.8,17.1,5.6,5.5,0.6,9.3,83.1,17.6,0.9,36.7,26.6%
I.S. 318 Eugenio Maria De Hostos,Brooklyn,222,27,466,33,6,47.6,12.2,5.8,8.2,16.8,61.1,13.0,18.3,7.6,65.4,72.7%
I.S. 072 Rocco Laurie,Staten Island,139,26,463,32,6,30.0,18.7,5.6,22.5,4.7,26.8,44.7,20.7,5.1,64.4,49.8%
J.H.S. 227 Edward B. Shallow,Brooklyn,197,25,459,32,7,42.9,12.7,5.4,59.8,0.5,26.5,12.7,14.1,27.7,92.1,83.6%
J.H.S. 202 Robert H. Goddard,Queens,98,18,374,26,8,26.2,18.4,4.8,34.1,7.4,46.6,6.8,15.1,7.8,79.9,68.5%
J.H.S. 088 Peter Rouget,Brooklyn,163,20,410,29,9,39.8,12.3,4.9,19.6,11.0,56.5,11.9,24.6,12.7,80.5,76.9%
I.S. 027 Anning S. Prall,Staten Island,77,14,330,23,9,23.3,18.2,4.2,9.0,21.9,40.7,27.1,24.4,6.7,72.4,64.7%
I.S. 096 Seth Low,Brooklyn,114,9,262,18,9,43.5,7.9,3.4,33.4,9.5,26.2,29.7,22.3,31.3,78.3,81.3%
J.H.S. 220 John J. Pershing,Brooklyn,181,27,527,37,10,34.3,14.9,5.1,52.5,1.3,41.9,4.2,14.7,33.8,86.1,90.6%
J.H.S. 127 The Castle Hill,Bronx,133,9,283,20,11,47.0,6.8,3.2,31.6,21.8,42.1,2.7,17.7,17.0,76.7,78.1%
I.S. 181 Pablo Casals,Bronx,124,8,289,20,12,42.9,6.5,2.8,5.0,59.0,29.3,3.6,23.4,3.4,81.5,60.5%
I.S. 228 David A. Boody,Brooklyn,160,17,419,29,12,38.2,10.6,4.1,28.8,5.3,26.5,38.4,15.6,10.5,79.9,69.2%
J.H.S. 278 Marine Park,Brooklyn,98,7,289,20,13,33.9,7.1,2.4,10.0,42.6,17.3,27.8,17.7,4.9,70.2,54.2%
J.H.S. 217 Robert A. Van Wyck,Queens,175,24,559,39,15,31.3,13.7,4.3,36.3,16.4,39.6,4.0,16.0,16.7,69.9,72.8%
Jean Nuzzi Intermediate School,Queens,117,9,350,25,16,33.4,7.7,2.6,33.2,39.5,19.7,3.8,14.5,7.9,66.7,57.5%
I.S. 024 Myra S. Barnes,Staten Island,132,11,383,27,16,34.5,8.3,2.9,5.1,1.2,14.8,77.9,24.5,2.6,43.6,32.3%
I.S. 034 Tottenville,Staten Island,81,8,378,26,18,21.4,9.9,2.1,4.0,0.6,11.2,83.6,27.5,2.1,34.2,26.9%
M.S. 137 America's School of Heroes,Queens,179,23,645,45,22,27.8,12.8,3.6,55.0,5.4,33.7,2.4,15.7,9.7,87.7,70.1%
J.H.S. 210 Elizabeth Blackwell,Queens,169,21,640,45,24,26.4,12.4,3.3,28.8,5.1,59.8,3.6,16.3,16.0,84.5,76.2%
I.S. 051 Edwin Markham,Staten Island,101,6,434,30,24,23.3,5.9,1.4,5.6,23.6,44.3,25.3,29.8,8.0,77.7,69.3%
I.S. 145 Joseph Pulitzer,Queens,137,7,581,41,34,23.6,5.1,1.2,8.5,1.9,87.8,1.4,15.1,21.8,94.7,82.0%
P.S. 034 Franklin D. Roosevelt,Manhattan,6,s,58,4,,10.3,,,3.3,31.8,61.3,2.7,36.6,7.5,97.6,93.9%
P.S. 140 Nathan Straus,Manhattan,6,s,66,5,,9.1,,,5.7,12.4,78.7,2.7,31.0,9.7,87.3,90.6%
P.S. 188 The Island School,Manhattan,s,s,60,4,,#VALUE!,,,1.8,29.3,66.1,2.8,29.1,15.9,91.5,95.3%
"Technology, Arts, and Sciences Studio",Manhattan,11,s,51,4,,21.6,,,3.8,32.1,54.7,5.7,42.5,2.8,82.1,83.4%
University Neighborhood Middle School,Manhattan,13,s,69,5,,18.8,,,8.9,23.2,63.1,3.9,44.3,5.4,87.7,84.4%
School for Global Leaders,Manhattan,19,s,96,7,,19.8,,,13.7,27.3,56.6,1.6,38.3,9.0,80.1,83.9%
East Side Community School,Manhattan,16,s,94,7,,17.0,,,11.9,16.5,53.7,14.6,26.4,0.9,64.7,62.3%
Yorkville East Middle School,Manhattan,42,s,82,6,,51.2,,,8.6,12.0,25.3,49.4,26.2,1.7,34.3,32.3%
P.S./I.S. 217 Roosevelt Island,Manhattan,6,s,21,1,,28.6,,,30.0,11.4,14.9,38.5,11.5,16.4,33.8,27.0%
Ella Baker School,Manhattan,s,s,21,1,,#VALUE!,,,5.6,16.6,32.2,37.2,21.3,0.9,33.4,34.1%
I.S. 289,Manhattan,47,s,91,6,,51.6,,,44.2,3.9,11.3,38.5,23.3,1.8,50.2,46.0%
Professional Performing Arts High School,Manhattan,9,s,33,2,,27.3,,,6.5,21.2,21.4,42.7,14.9,0.2,36.5,38.5%
Quest to Learn,Manhattan,33,s,94,7,,35.1,,,10.8,22.0,42.7,20.3,29.9,2.7,68.4,62.6%
"Ballet Tech, NYC Public School for Dance",Manhattan,15,s,25,2,,60.0,,,31.9,19.1,21.3,22.0,4.3,1.4,53.2,43.9%
Life Sciences Secondary School,Manhattan,s,s,21,1,,#VALUE!,,,6.6,29.1,58.7,3.3,21.3,9.1,81.5,84.3%
City Knoll Middle School,Manhattan,17,s,77,5,,22.1,,,9.7,25.4,50.8,9.7,30.1,8.5,74.2,67.9%
P.S. 076 A. Philip Randolph,Manhattan,s,s,58,4,,#VALUE!,,,0.4,75.2,21.4,2.8,23.5,8.7,96.2,91.4%
P.S. 149 Sojourner Truth,Manhattan,s,s,26,2,,#VALUE!,,,2.1,62.1,28.5,5.1,23.4,15.3,99.1,92.8%
P.S. 165 Robert E. Simon,Manhattan,7,s,53,4,,13.2,,,4.8,14.9,60.1,18.2,19.9,13.7,71.2,69.2%
P.S. 180 Hugo Newman,Manhattan,22,s,58,4,,37.9,,,2.4,51.6,29.5,10.8,16.1,7.0,71.6,69.3%
The Riverside School for Makers and Artists,Manhattan,6,s,36,3,,16.7,,,5.6,31.4,45.9,15.1,26.7,9.1,73.4,71.1%
M.S. M247 Dual Language Middle School,Manhattan,12,s,64,4,,18.8,,,0.0,1.0,97.0,2.0,25.8,24.2,89.4,83.5%
M.S. 250 West Side Collaborative Middle School,Manhattan,s,s,60,4,,#VALUE!,,,1.1,29.8,52.8,9.6,28.7,6.7,71.3,73.4%
Lafayette Academy,Manhattan,11,s,48,3,,22.9,,,1.4,50.0,34.8,10.1,23.9,15.9,84.1,81.5%
Community Action School - MS 258,Manhattan,11,s,58,4,,19.0,,,1.3,42.6,46.6,9.0,24.7,4.0,75.3,72.3%
P.S. 333 Manhattan School for Children,Manhattan,15,s,50,4,,30.0,,,6.0,11.4,17.9,59.0,18.6,2.3,17.5,28.8%
West Prep Academy,Manhattan,21,s,74,5,,28.4,,,0.5,60.6,36.5,2.0,34.5,6.4,85.7,80.6%
Special Music School,Manhattan,10,s^,16,1,,62.5,,,14.3,12.1,15.0,43.6,10.2,0.3,20.4,31.4%
Frederick Douglass Academy II Secondary School,Manhattan,s,s,9,1,,#VALUE!,,,2.8,63.8,31.1,1.1,24.3,11.6,80.2,84.9%
P.S. 007 Samuel Stern,Manhattan,s,s,51,4,,#VALUE!,,,2.8,27.5,65.5,2.5,26.6,13.2,90.5,93.8%
P.S. 050 Vito Marcantonio,Manhattan,7,s,20,1,,35.0,,,2.4,38.6,57.8,0.8,28.3,6.4,95.2,96.1%
James Weldon Johnson,Manhattan,20,s,98,7,,20.4,,,3.5,26.0,67.4,1.7,27.4,10.4,87.9,92.7%
The Lexington Academy,Manhattan,11,s,82,6,,13.4,,,2.6,13.9,80.5,2.7,24.4,11.9,90.2,90.9%
P.S. 096 Joseph Lanzetta,Manhattan,s,s,65,5,,#VALUE!,,,2.3,25.4,68.0,3.0,31.0,20.4,94.0,96.5%
P.S. 108 Assemblyman Angelo Del Toro Educational C,Manhattan,9,s,92,6,,9.8,,,3.3,31.9,62.4,1.8,32.1,9.1,89.2,92.4%
P.S. 171 Patrick Henry,Manhattan,43,s,90,6,,47.8,,,6.2,26.6,59.9,4.3,21.4,3.3,69.2,77.7%
P.S. 206 Jose Celso Barbosa,Manhattan,17,s,47,3,,36.2,,,2.5,27.9,63.8,3.0,41.9,16.1,84.1,88.6%
M.S. 224 Manhattan East School for Arts & Academic,Manhattan,14,s,55,4,,25.5,,,9.9,26.7,53.5,8.1,27.9,7.6,72.7,72.2%
Esperanza Preparatory Academy,Manhattan,s,s,71,5,,#VALUE!,,,2.1,11.1,85.0,1.6,25.6,29.7,90.5,92.7%
Renaissance School of the Arts,Manhattan,6,s,52,4,,11.5,,,1.4,32.7,61.9,2.7,30.6,8.8,93.2,93.7%
Global Technology Preparatory,Manhattan,s,s,48,3,,#VALUE!,,,3.2,34.4,58.4,0.8,40.8,9.6,86.4,90.8%
Young Women's Leadership School,Manhattan,8,s,50,4,,16.0,,,8.7,23.9,60.9,3.7,20.8,2.7,79.8,76.9%
Isaac Newton Middle School for Math & Science,Manhattan,20,s,55,4,,36.4,,,5.7,26.0,65.6,2.6,31.3,12.0,91.1,88.0%
Central Park East II,Manhattan,6,s,30,2,,20.0,,,6.5,29.5,35.0,20.5,21.7,0.4,42.2,57.7%
P.S. 046 Arthur Tappan,Manhattan,8,s,65,5,,12.3,,,0.6,48.7,48.7,0.8,29.8,10.4,94.1,95.2%
P.S. 123 Mahalia Jackson,Manhattan,s,s,53,4,,#VALUE!,,,1.5,51.4,40.7,4.2,24.8,19.6,95.4,92.7%
P.S. 129 John H. Finley,Manhattan,21,s,54,4,,38.9,,,3.4,48.5,44.4,1.1,25.3,8.5,92.9,91.8%
Eagle Academy for Young Men of Harlem,Manhattan,10,s,55,4,,18.2,,,0.3,68.9,24.5,0.6,28.0,3.1,76.1,82.1%
P.S. 161 Pedro Albizu Campos,Manhattan,16,s,124,9,,12.9,,,2.1,20.6,74.1,2.0,24.8,26.7,96.4,93.3%
Urban Assembly Academy for Future Leaders,Manhattan,15,s,80,6,,18.8,,,2.4,55.6,34.9,1.8,33.1,6.5,89.9,90.9%
Frederick Douglass Academy,Manhattan,13,s,85,6,,15.3,,,1.4,69.5,24.5,1.7,16.1,4.1,76.1,79.7%
New Design Middle School,Manhattan,11,s,66,5,,16.7,,,0.0,55.4,41.5,2.3,39.2,6.2,91.5,87.7%
Thurgood Marshall Academy for Learning and Social Change,Manhattan,10,s,58,4,,17.2,,,1.8,69.7,25.8,1.3,19.2,3.5,73.7,77.4%
P.S. 018 Park Terrace,Manhattan,6,s,52,4,,11.5,,,0.3,2.0,96.9,0.8,21.0,32.9,92.6,88.8%
J.H.S. 052 Inwood,Manhattan,13,s,120,8,,10.8,,,0.0,3.4,94.8,0.7,21.3,42.7,97.4,91.1%
J.H.S. 143 Eleanor Roosevelt,Manhattan,17,s,108,8,,15.7,,,0.0,2.3,91.7,5.3,27.9,58.9,88.7,91.0%
P.S./I.S. 187 Hudson Cliffs,Manhattan,36,s,103,7,,35.0,,,4.3,3.4,51.8,36.4,17.5,4.8,42.1,42.1%
Hamilton Grange Middle School,Manhattan,18,s,85,6,,21.2,,,1.1,12.4,83.1,1.9,22.1,23.2,92.9,85.3%
P.S./I.S. 210 - Twenty-first Century Academy for C,Manhattan,8,s,48,3,,16.7,,,0.5,2.4,96.9,0.0,22.0,35.8,91.6,86.7%
The Mott Hall School,Manhattan,81,s,87,6,,93.1,,,2.4,9.2,82.2,4.8,14.0,2.7,80.1,74.8%
City College Academy of the Arts,Manhattan,13,s,89,6,,14.6,,,1.5,3.5,91.4,3.0,14.6,5.5,82.6,80.9%
Amistad Dual Language School,Manhattan,12,s,36,3,,33.3,,,1.5,1.5,91.9,4.3,13.2,25.3,81.0,75.6%
M.S. 319 - Maria Teresa,Manhattan,27,s,147,10,,18.4,,,0.2,4.3,94.3,1.2,23.2,37.3,97.8,89.2%
Middle School 322,Manhattan,22,s,121,8,,18.2,,,0.6,3.2,94.5,1.6,20.6,39.0,92.6,90.0%
M.S. 324 - Patria Mirabal,Manhattan,20,s,151,11,,13.2,,,0.5,12.0,84.2,2.8,27.1,34.3,90.5,87.0%
Community Math & Science Prep,Manhattan,9,s,92,6,,9.8,,,3.9,12.7,82.5,0.4,35.8,50.7,99.1,92.9%
Community Health Academy of the Heights,Manhattan,16,s,94,7,,17.0,,,0.9,6.5,90.8,1.6,18.9,17.4,93.0,89.1%
Washington Heights Expeditionary Learning School,Manhattan,6,s,87,6,,6.9,,,0.9,3.4,91.7,3.4,20.6,15.5,76.3,83.2%
Harbor Heights,Manhattan,s,s,64,4,,#VALUE!,,,0.0,0.0,100.0,0.0,0.0,85.3,98.4,92.6%
Washington Heights Academy,Manhattan,15,s,55,4,,27.3,,,1.9,1.8,93.9,1.8,15.6,12.8,89.5,81.0%
I.S. 528 Bea Fuller Rodgers School,Manhattan,s,s,76,5,,#VALUE!,,,0.4,1.3,98.2,0.0,17.4,24.6,96.0,87.1%
P.S. 5 Port Morris,Bronx,8,s,72,5,,11.1,,,0.4,27.4,68.4,2.9,22.3,23.3,95.4,95.0%
P.S./M.S. 029 Melrose School,Bronx,10,s,83,6,,12.0,,,1.5,29.9,66.0,1.1,20.2,12.8,92.4,93.5%
P.S./M.S. 031 The William Lloyd Garrison,Bronx,9,s,77,5,,11.7,,,2.8,27.4,66.4,2.5,24.6,14.0,91.2,91.4%
J.H.S. 151 Lou Gehrig,Bronx,s,s,91,6,,#VALUE!,,,0.0,26.8,70.5,2.3,24.5,33.7,99.2,94.1%
South Bronx Preparatory: A College Board School,Bronx,8,s,96,7,,8.3,,,1.5,25.0,71.0,1.8,26.7,7.3,96.4,92.7%
The Laboratory School of Finance and Technology: X,Bronx,18,s,99,7,,18.2,,,0.6,17.8,80.6,0.7,21.3,8.9,97.4,92.0%
P.S./I.S. 224,Bronx,s,s,129,9,,#VALUE!,,,0.3,26.3,71.8,1.4,27.1,22.1,98.0,96.1%
South Bronx Academy for Applied Media,Bronx,6,s,84,6,,7.1,,,1.2,32.8,64.0,0.8,31.6,10.3,93.3,94.9%
Academy of Public Relations,Bronx,9,s,80,6,,11.3,,,0.4,20.6,76.5,1.6,27.1,27.9,91.1,94.0%
Academy of Applied Mathematics and Technology,Bronx,31,s,96,7,,32.3,,,0.7,28.3,69.0,1.3,25.0,11.7,94.3,93.7%
Hostos-Lincoln Academy of Science,Bronx,s,s,57,4,,#VALUE!,,,2.2,22.0,73.6,1.4,21.9,4.3,85.4,86.2%
The Urban Assembly Bronx Academy of Letters,Bronx,s,s,79,6,,#VALUE!,,,0.3,33.2,62.9,2.9,30.7,14.1,89.8,94.2%
I.S. 584,Bronx,10,s,106,7,,9.4,,,0.0,24.2,75.1,0.0,33.2,23.1,97.1,94.9%
P.S. 071 Rose E. Scala,Bronx,96,s,178,12,,53.9,,,8.2,5.0,62.5,22.8,19.6,10.9,73.0,59.9%
J.H.S. 123 James M. Kieran,Bronx,11,s,89,6,,12.4,,,2.8,23.7,72.4,0.3,27.3,26.5,87.3,92.5%
J.H.S. 125 Henry Hudson,Bronx,39,s,118,8,,33.1,,,25.1,12.3,51.0,7.2,20.3,24.2,95.5,89.3%
J.H.S. 131 Albert Einstein,Bronx,22,s,158,11,,13.9,,,4.6,32.6,60.7,1.1,32.8,12.2,84.3,89.5%
Bronx Studio School for Writers and Artists,Bronx,s,s,85,6,,#VALUE!,,,0.6,19.8,78.4,1.1,26.3,13.1,84.8,90.6%
M.S. 301 Paul L. Dunbar,Bronx,s,s,78,5,,#VALUE!,,,0.0,40.8,57.1,1.6,25.3,26.1,94.7,94.6%
M.S. 302 Luisa Dessus Cruz,Bronx,13,s,164,11,,7.9,,,0.4,21.7,75.8,1.2,30.7,26.8,94.1,94.3%
The School for Inquiry and Social Justice,Bronx,39,s,157,11,,24.8,,,1.9,23.7,71.8,0.6,26.6,13.3,79.9,84.7%
"Archimedes Academy for Math, Science and Technolog",Bronx,30,s,98,7,,30.6,,,9.9,28.0,59.2,1.9,25.2,9.5,82.5,84.7%
Urban Institute of Mathematics,Bronx,39,s,112,8,,34.8,,,4.0,12.3,65.7,16.0,21.1,6.9,77.1,61.6%
The Bronx Mathematics Preparatory School,Bronx,17,s,73,5,,23.3,,,2.5,28.3,65.4,1.3,37.5,14.6,99.2,92.6%
Antonia Pantoja Preparatory Academy: A College Board School,Bronx,9,s,46,3,,19.6,,,7.2,18.6,70.5,2.2,26.7,15.8,81.4,87.2%
The Hunts Point School,Bronx,s,s,110,8,,#VALUE!,,,1.3,23.0,73.5,1.0,30.1,24.3,94.5,94.1%
Soundview Academy for Culture and Scholarship,Bronx,19,s,121,8,,15.7,,,2.6,33.8,62.1,1.0,27.8,9.1,79.2,85.6%
Mott Hall Community School,Bronx,21,s,113,8,,18.6,,,2.7,17.5,68.9,10.9,31.1,11.8,86.4,76.7%
Blueprint Middle School,Bronx,29,s,95,7,,30.5,,,18.8,14.3,60.7,5.1,22.9,12.5,83.9,86.6%
P.S./M.S. 004 Crotona Park West,Bronx,7,s,61,4,,11.5,,,0.7,54.5,42.6,1.2,24.9,11.9,92.5,95.2%
J.H.S. 022 Jordan L. Mott,Bronx,24,s,149,10,,16.1,,,1.4,20.7,75.5,2.0,23.6,35.8,97.5,95.6%
I.S. 117 Joseph H. Wade,Bronx,s,s,177,12,,#VALUE!,,,1.9,17.5,79.7,0.4,24.2,39.6,94.5,95.7%
Mott Hall III,Bronx,68,s,118,8,,57.6,,,1.1,41.0,55.9,0.6,17.1,4.7,93.4,89.1%
Kappa,Bronx,25,s,78,5,,32.1,,,5.7,47.3,44.8,1.3,24.6,15.1,90.5,93.5%
P.S./I.S. 218 Rafael Hernandez Dual Language Magne,Bronx,63,s,91,6,,69.2,,,2.8,4.4,91.0,1.1,18.9,28.7,86.7,91.9%
I.S. 219 New Venture School,Bronx,7,s,106,7,,6.6,,,0.6,38.4,59.9,0.9,30.4,26.7,94.3,96.6%
I.S. 229 Roland Patterson,Bronx,s,s,83,6,,#VALUE!,,,0.4,39.0,59.3,0.0,32.5,19.5,92.7,95.7%
Eagle Academy for Young Men,Bronx,7,s,59,4,,11.9,,,0.6,55.0,42.7,0.4,27.0,5.1,78.3,77.9%
I.S. 232,Bronx,41,s,172,12,,23.8,,,0.8,18.6,79.7,0.8,23.0,39.1,96.3,93.1%
Urban Assembly School for Applied Math and Science,Bronx,13,s,83,6,,15.7,,,0.2,32.8,65.6,0.6,29.1,13.5,93.5,89.7%
I.S. X303 Leadership & Community Service,Bronx,16,s,131,9,,12.2,,,0.9,25.9,71.4,0.9,32.8,12.0,99.4,92.5%
I.S. 313 School of Leadership Development,Bronx,9,s,106,7,,8.5,,,0.6,29.5,68.9,1.0,24.1,32.4,92.4,95.3%
Bronx Writing Academy,Bronx,29,s,159,11,,18.2,,,1.6,32.0,63.9,1.4,25.1,28.8,95.0,94.0%
Bronx Early College Academy for Teaching & Learnin,Bronx,13,s,65,5,,20.0,,,2.9,26.4,68.4,1.5,19.0,12.1,87.9,88.4%
Urban Science Academy,Bronx,16,s,115,8,,13.9,,,0.6,30.6,67.5,1.3,24.6,33.8,87.4,93.9%
Comprehensive Model School Project M.S. 327,Bronx,15,s,98,7,,15.3,,,0.3,21.0,77.2,1.2,24.8,11.9,91.0,89.4%
New Millennium Business Academy Middle School,Bronx,21,s,73,5,,28.8,,,0.0,32.6,66.1,0.8,28.5,33.9,85.5,91.4%
I.S. 339,Bronx,27,s,169,12,,16.0,,,1.7,29.3,68.0,0.6,26.9,29.3,91.3,94.6%
The Highbridge Green School,Bronx,18,s,132,9,,13.6,,,0.5,23.9,73.6,1.0,25.9,21.7,97.2,91.8%
Bronx High School for Medical Science,Bronx,10,s,48,3,,20.8,,,7.6,28.2,61.7,1.2,19.9,12.7,83.4,90.4%
Science and Technology Academy: A Mott Hall School,Bronx,35,s,155,11,,22.6,,,2.9,28.9,68.0,0.2,20.6,18.3,91.7,86.5%
"Bronx School for Law, Government and Justice",Bronx,13,s,89,6,,14.6,,,1.2,24.6,71.3,0.9,21.0,10.4,89.9,87.0%
Young Women's Leadership School of the Bronx,Bronx,30,s,76,5,,39.5,,,2.6,36.6,58.3,1.1,19.6,6.0,86.2,82.2%
P.S. 3 Raul Julia Micro Society,Bronx,13,s,49,3,,26.5,,,0.9,29.0,69.8,0.3,19.8,12.9,94.5,91.5%
P.S. X015 Institute for Environmental Learning,Bronx,27,s,56,4,,48.2,,,1.0,11.5,86.3,0.2,20.0,9.8,79.0,87.5%
"P.S./M.S. 20 P.O.George J. Werdann, III",Bronx,42,s,119,8,,35.3,,,9.2,10.9,72.4,5.4,24.5,24.2,94.8,87.2%
P.S. X037 - Multiple Intelligence School,Bronx,6,s,70,5,,8.6,,,2.0,21.5,73.2,1.9,27.6,15.3,85.3,86.5%
Thomas C. Giordano Middle School 45,Bronx,46,s,257,18,,17.9,,,2.0,15.6,77.2,4.4,18.5,20.1,97.0,93.6%
J.H.S. 080 The Mosholu Parkway,Bronx,51,s,231,16,,22.1,,,12.7,12.9,68.6,4.9,22.7,33.6,90.6,88.7%
P.S. 095 Sheila Mencher,Bronx,42,s,160,11,,26.3,,,6.2,17.0,70.1,4.7,19.5,17.8,81.2,85.4%
I.S. 206 Ann Mersereau,Bronx,8,s,69,5,,11.6,,,1.9,13.0,83.6,0.5,32.4,31.9,90.3,94.9%
Theatre Arts Production Company School,Bronx,6,s,51,4,,11.8,,,1.3,26.5,69.1,1.6,23.2,7.7,79.8,87.5%
Jonas Bronck Academy,Bronx,64,s,90,6,,71.1,,,6.7,13.8,75.0,2.2,18.3,5.6,89.6,83.6%
West Bronx Academy for the Future,Bronx,18,s,95,7,,18.9,,,1.8,18.1,77.8,1.6,26.0,12.4,94.6,89.8%
The New School for Leadership and Journalism,Bronx,91,s,269,19,,33.8,,,4.1,12.3,80.2,2.4,22.1,21.4,96.8,87.9%
I.S. 254,Bronx,13,s,141,10,,9.2,,,2.1,17.5,78.9,0.9,27.5,34.1,88.7,93.2%
"P.S. 279 Captain Manuel Rivera, Jr.",Bronx,38,s,139,10,,27.3,,,3.8,16.1,78.9,0.5,19.7,29.9,94.2,95.2%
P.S./M.S. 280 Mosholu Parkway,Bronx,41,s,101,7,,40.6,,,10.4,7.9,75.1,5.9,28.0,16.8,95.9,87.7%
Bronx Dance Academy School,Bronx,19,s,80,6,,23.8,,,1.5,22.3,75.5,0.7,23.8,4.8,92.9,87.2%
P.S. 315 Lab School,Bronx,12,s,30,2,,40.0,,,1.2,13.3,84.3,0.4,21.3,15.7,97.6,93.6%
The Bronx School of Young Leaders,Bronx,35,s,127,9,,27.6,,,1.7,25.4,72.9,0.0,23.2,19.6,87.8,94.3%
International School for Liberal Arts,Bronx,s,s,51,4,,#VALUE!,,,0.2,0.4,99.2,0.2,7.1,66.5,97.5,95.8%
Academy For Personal Leadership And Excellence,Bronx,45,s,180,13,,25.0,,,1.6,10.2,86.7,0.9,25.5,33.6,89.0,91.0%
In-Tech Academy (M.S. / High School 368),Bronx,27,s,155,11,,17.4,,,4.1,8.8,81.6,4.0,20.7,16.6,86.3,81.0%
M.S. 390,Bronx,24,s,164,11,,14.6,,,0.6,12.8,86.5,0.2,25.0,29.7,98.1,95.0%
The Angelo Patri Middle School,Bronx,17,s,189,13,,9.0,,,1.5,21.9,74.3,1.3,27.0,36.0,91.9,95.3%
Creston Academy,Bronx,29,s,157,11,,18.5,,,1.5,9.8,86.5,1.3,18.3,35.0,91.7,94.6%
East Fordham Academy for the Arts,Bronx,10,s,100,7,,10.0,,,1.8,12.9,81.3,1.1,27.7,30.9,92.1,95.3%
P.S. 019 Judith K. Weiss,Bronx,24,s,46,3,,52.2,,,2.9,6.8,28.0,60.1,16.0,9.4,59.7,42.9%
P.S. 089 Bronx,Bronx,25,s,158,11,,15.8,,,9.2,18.9,54.5,15.9,17.1,20.8,77.1,83.3%
J.H.S. 144 Michelangelo,Bronx,42,s,177,12,,23.7,,,2.8,60.2,32.5,4.1,27.6,10.6,76.0,76.5%
P.S. 175 City Island,Bronx,14,s,44,3,,31.8,,,3.6,9.0,35.8,48.8,17.8,3.0,51.2,35.8%
M.S. 180 Dr. Daniel Hale Williams,Bronx,151,s,303,21,,49.8,,,2.9,69.6,22.4,2.6,17.5,2.0,74.9,57.6%
North Bronx School of Empowerment,Bronx,23,s,181,13,,12.7,,,2.8,59.2,33.1,2.5,26.6,13.9,86.8,84.8%
Bronx Green Middle School,Bronx,37,s,135,9,,27.4,,,6.6,21.5,57.7,13.4,21.5,19.2,93.7,84.3%
Bronx Alliance Middle School,Bronx,24,s,129,9,,18.6,,,4.1,63.1,30.7,0.9,20.9,5.3,82.0,82.0%
Leaders of Tomorrow,Bronx,29,s,130,9,,22.3,,,2.0,56.5,36.3,2.7,32.7,13.2,95.2,86.2%
Cornerstone Academy for Social Action Middle Schoo,Bronx,24,s,94,7,,25.5,,,0.0,64.0,32.6,2.6,24.7,2.2,81.6,71.3%
Pelham Academy of Academics and Community Engageme,Bronx,35,s,101,7,,34.7,,,7.4,13.9,62.5,15.5,21.4,13.6,88.2,79.4%
P.S./M.S. 11X498 - VAN NEST ACADEMY,Bronx,36,s,95,7,,37.9,,,7.4,11.9,63.5,16.0,22.2,6.8,75.2,69.2%
One World Middle School at Edenwald,Bronx,35,s,120,8,,29.2,,,3.0,58.4,32.2,1.8,23.2,6.9,81.3,71.5%
Baychester Middle School,Bronx,15,s,108,8,,13.9,,,1.7,68.0,26.7,0.7,21.7,4.0,86.3,76.3%
Bronx Park Middle School,Bronx,52,s,147,10,,35.4,,,9.4,17.5,58.4,13.5,19.0,19.7,88.4,86.0%
Pelham Gardens Middle School,Bronx,31,s,161,11,,19.3,,,3.5,59.0,30.6,4.2,25.3,6.7,76.5,75.4%
J.H.S. 098 Herman Ridder,Bronx,s,s,72,5,,#VALUE!,,,3.3,27.1,67.5,1.3,21.3,29.2,95.4,93.0%
M.S. 129 Academy for Independent Learning and Lead,Bronx,29,s,169,12,,17.2,,,2.7,28.8,66.2,1.0,29.4,12.8,92.8,93.6%
E.S.M.T- I.S. 190,Bronx,19,s,78,5,,24.4,,,1.7,22.0,73.4,0.8,24.1,9.1,91.3,89.3%
P.S. 211,Bronx,7,s,85,6,,8.2,,,0.2,13.9,85.1,0.5,19.6,20.2,92.1,94.8%
P.S. 212,Bronx,s,s,62,4,,#VALUE!,,,0.5,34.6,63.4,0.7,13.5,21.1,97.5,93.2%
P.S. 214,Bronx,28,s,147,10,,19.0,,,2.6,25.0,69.5,1.0,18.6,12.0,87.4,90.6%
School of Performing Arts,Bronx,8,s,95,7,,8.4,,,2.0,31.3,63.3,1.0,32.7,18.3,96.3,94.6%
Mott Hall V,Bronx,17,s,94,7,,18.1,,,2.8,16.6,77.6,1.2,27.0,12.6,84.8,87.9%
Bronx Latin,Bronx,s,s,84,6,,#VALUE!,,,1.4,19.0,77.7,1.2,25.6,14.5,94.3,90.2%
East Bronx Academy for the Future,Bronx,14,s,89,6,,15.7,,,1.8,25.8,70.0,0.9,28.9,15.1,91.8,92.4%
Frederick Douglass Academy V. Middle School,Bronx,11,s,73,5,,15.1,,,1.8,37.1,58.9,0.9,25.0,11.2,88.8,91.9%
Fannie Lou Hamer Middle School,Bronx,s,s,87,6,,#VALUE!,,,0.4,23.6,73.6,2.5,23.2,19.2,87.0,92.4%
Kappa III,Bronx,34,s,128,9,,26.6,,,1.8,27.0,69.1,1.3,26.2,8.8,90.1,89.9%
"I.S. X318 Math, Science & Technology Through Arts",Bronx,18,s,101,7,,17.8,,,2.0,26.2,70.7,0.8,27.0,17.6,98.4,93.4%
Accion Academy,Bronx,7,s,54,4,,13.0,,,0.7,24.5,72.8,2.0,29.1,15.2,90.7,92.6%
Urban Assembly School for Wildlife Conservation,Bronx,6,s,71,5,,8.5,,,2.7,24.9,69.3,2.1,28.8,13.1,83.5,89.9%
Emolior Academy,Bronx,20,s,84,6,,23.8,,,3.5,24.7,62.9,3.1,28.2,19.7,91.1,90.8%
Entrada Academy,Bronx,10,s,72,5,,13.9,,,3.2,15.7,78.7,1.2,22.9,40.6,97.6,93.1%
M.S. 113 Ronald Edmonds Learning Center,Brooklyn,20,s,86,6,,23.3,,,4.3,68.2,23.0,2.6,30.2,5.9,91.1,84.6%
Dr. Susan S. McKinney Secondary School of the Arts,Brooklyn,s,s,37,3,,#VALUE!,,,2.2,69.2,25.7,1.1,24.3,4.6,91.6,89.8%
M.S. K266 - Park Place Community Middle School,Brooklyn,8,s,68,5,,11.8,,,2.5,76.2,15.6,4.4,37.5,5.6,84.4,75.6%
P.S. 282 Park Slope,Brooklyn,38,s,97,7,,39.2,,,3.6,52.7,25.9,15.9,17.9,3.4,54.2,58.2%
The Urban Assembly Unison School,Brooklyn,21,s,44,3,,47.7,,,7.4,79.2,11.4,2.0,31.5,8.1,89.3,87.2%
Academy of Arts and Letters,Brooklyn,26,s,58,4,,44.8,,,6.9,31.8,16.4,37.2,21.0,0.6,29.9,35.7%
Urban Assembly Institute of Math and Science for Y,Brooklyn,22,s,49,3,,44.9,,,9.0,64.2,14.0,11.5,16.7,8.1,84.8,77.9%
Fort Greene Preparatory Academy,Brooklyn,17,s,75,5,,22.7,,,5.5,62.2,28.9,2.0,32.8,7.5,90.5,85.9%
J.H.S. 050 John D. Wells,Brooklyn,7,s,79,6,,8.9,,,0.3,21.1,75.1,2.8,35.3,17.6,88.9,86.0%
Juan Morel Campos Secondary School,Brooklyn,s,s,84,6,,#VALUE!,,,0.7,17.8,75.7,5.2,32.8,27.0,87.1,92.5%
P.S. 084 Jose De Diego,Brooklyn,18,s,69,5,,26.1,,,3.7,3.8,62.0,25.5,16.6,15.9,47.0,56.7%
John Ericsson Middle School 126,Brooklyn,35,s,137,10,,25.5,,,1.1,19.6,68.8,10.1,25.9,9.0,84.1,81.3%
P.S./I.S. 157 The Benjamin Franklin Health & Scien,Brooklyn,15,s,64,4,,23.4,,,0.4,18.2,78.7,1.9,27.3,17.1,86.6,91.6%
M.S. 582,Brooklyn,s,s,100,7,,#VALUE!,,,1.9,23.8,69.4,3.4,33.6,13.2,82.3,85.6%
Lyons Community School,Brooklyn,6,s,72,5,,8.3,,,1.0,37.1,59.3,2.6,24.8,13.5,89.3,90.3%
Young Women's Leadership School of Brooklyn,Brooklyn,s,s,50,4,,#VALUE!,,,3.4,48.5,39.9,5.2,18.2,7.9,77.1,79.8%
I.S. 136 Charles O. Dewey,Brooklyn,18,s,169,12,,10.7,,,7.6,2.7,81.2,8.0,23.1,39.8,97.3,88.2%
M.S. 442 Carroll Gardens School for Innovation,Brooklyn,25,s,79,6,,31.6,,,5.4,20.9,39.3,33.5,38.5,3.8,49.4,49.4%
Brooklyn Secondary School for Collaborative Studie,Brooklyn,6,s,88,6,,6.8,,,2.8,37.4,45.5,11.9,32.3,6.6,68.1,69.2%
Park Slope Collegiate,Brooklyn,21,s,72,5,,29.2,,,4.4,35.0,39.4,18.0,22.0,6.7,66.8,63.1%
Sunset Park Prep,Brooklyn,53,s,163,11,,32.5,,,17.9,0.8,77.2,4.2,23.6,16.5,96.2,89.8%
M.S. 035 Stephen Decatur,Brooklyn,27,s,79,6,,34.2,,,1.6,85.3,11.0,1.6,31.8,2.9,85.3,87.7%
J.H.S. 057 Whitelaw Reid,Brooklyn,9,s,80,6,,11.3,,,3.0,63.3,30.7,2.5,35.7,9.0,93.5,91.7%
"M.S. 267 Math, Science & Technology",Brooklyn,19,s,86,6,,22.1,,,0.7,71.9,19.9,1.5,35.2,5.2,87.3,88.4%
P.S. 308 Clara Cardwell,Brooklyn,8,s,56,4,,14.3,,,2.5,76.4,18.5,1.1,26.5,5.1,88.7,90.5%
Madiba Prep Middle School,Brooklyn,20,s,61,4,,32.8,,,1.9,73.0,22.0,2.5,31.4,8.8,86.8,82.9%
Parkside Preparatory Academy,Brooklyn,69,s,158,11,,43.7,,,3.9,78.1,13.4,2.4,16.6,10.1,88.8,79.2%
M.S. 061 Dr. Gladstone H. Atwell,Brooklyn,96,s,267,19,,36.0,,,2.5,86.8,9.2,1.0,19.2,5.8,69.8,73.9%
P.S. 138 Brooklyn,Brooklyn,23,s,80,6,,28.8,,,1.6,79.5,13.1,4.8,18.2,8.3,92.0,79.5%
P.S. 181 Brooklyn,Brooklyn,28,s,81,6,,34.6,,,1.0,84.0,10.0,2.6,19.7,13.9,74.3,79.4%
P.S. 189 The Bilingual Center,Brooklyn,49,s,119,8,,41.2,,,3.5,69.5,24.8,1.2,13.8,19.4,92.1,82.0%
M.S. 246 Walt Whitman,Brooklyn,24,s,148,10,,16.2,,,1.0,73.4,20.1,4.8,22.3,30.3,85.2,86.0%
I.S. 340,Brooklyn,35,s,74,5,,47.3,,,0.9,78.1,17.0,0.9,21.4,0.4,79.5,73.8%
Ebbets Field Middle School,Brooklyn,9,s,72,5,,12.5,,,9.0,61.1,25.7,4.2,28.7,22.2,98.2,88.7%
Elijah Stroud Middle School,Brooklyn,6,s,45,3,,13.3,,,2.1,78.1,17.8,1.4,37.7,6.8,94.5,86.9%
The School of Integrated Learning,Brooklyn,18,s,67,5,,26.9,,,2.8,81.1,15.0,0.0,24.0,7.5,91.7,81.8%
Academy for College Preparation and Career Explora,Brooklyn,15,s,43,3,,34.9,,,1.4,76.3,13.5,1.9,14.9,14.2,77.5,78.9%
M.S. K394,Brooklyn,12,s,55,4,,21.8,,,8.0,72.1,18.4,0.8,13.8,6.1,87.6,85.3%
Ronald Edmonds Learning Center II,Brooklyn,7,s,45,3,,15.6,,,0.0,74.8,22.0,1.3,27.0,5.0,88.7,91.4%
"School for Human Rights, The",Brooklyn,s,s,29,2,,#VALUE!,,,1.1,89.8,6.1,2.0,20.6,5.4,83.7,74.9%
"Science, Technology and Research Early College Hig",Brooklyn,20,s,67,5,,29.9,,,4.4,80.0,11.8,1.3,13.9,0.9,75.8,60.2%
Medgar Evers College Preparatory School,Brooklyn,15,s,88,6,,17.0,,,2.3,88.0,4.8,0.9,7.3,0.2,67.1,53.0%
New Heights Middle School,Brooklyn,13,s,70,5,,18.6,,,0.4,83.8,10.7,3.8,30.8,6.0,86.8,82.3%
P.S. 66,Brooklyn,37,s,102,7,,36.3,,,0.7,87.2,7.9,2.6,11.2,2.9,71.5,59.3%
I.S. 068 Isaac Bildersee,Brooklyn,16,s,143,10,,11.2,,,2.7,83.2,7.1,6.2,28.3,21.5,82.3,74.3%
I.S. 211 John Wilson,Brooklyn,36,s,185,13,,19.5,,,1.3,86.8,8.6,1.9,25.9,6.1,83.9,69.9%
I.S. 285 Meyer Levin,Brooklyn,45,s,191,13,,23.6,,,0.6,93.8,3.5,1.1,19.2,3.9,78.1,72.6%
The Science And Medicine Middle School,Brooklyn,42,s,137,10,,30.7,,,0.8,89.0,7.5,2.0,20.6,2.0,81.5,67.9%
East Flatbush Community Research School,Brooklyn,18,s,32,2,,56.3,,,0.0,87.8,7.6,3.8,26.0,11.5,91.6,81.2%
Middle School for Art and Philosophy,Brooklyn,11,s,59,4,,18.6,,,0.6,87.0,8.5,2.3,31.6,7.3,91.5,74.7%
Middle School of Marketing and Legal Studies,Brooklyn,17,s,52,4,,32.7,,,4.6,87.0,3.1,3.8,19.1,13.7,88.5,78.4%
Brooklyn Science and Engineering Academy,Brooklyn,34,s,70,5,,48.6,,,0.4,93.0,3.9,1.6,17.1,3.1,76.7,54.7%
P.S. 089 Cypress Hills,Brooklyn,17,s,54,4,,31.5,,,0.9,3.1,94.5,0.0,23.4,44.6,92.8,86.2%
I.S. 171 Abraham Lincoln,Brooklyn,11,s,152,11,,7.2,,,7.2,8.3,81.1,1.4,18.7,26.8,98.2,88.3%
J.H.S. 218 James P. Sinnott,Brooklyn,23,s,138,10,,16.7,,,17.1,35.7,42.5,2.2,25.2,25.2,92.9,93.1%
I.S. 364 Gateway,Brooklyn,21,s,109,8,,19.3,,,1.4,64.3,31.1,2.6,28.0,1.4,80.6,81.2%
Academy for Young Writers,Brooklyn,7,s,73,5,,9.6,,,0.7,70.1,26.6,1.1,20.1,2.6,84.1,79.9%
East New York Family Academy,Brooklyn,10,s,71,5,,14.1,,,3.2,62.9,31.3,0.8,22.2,3.8,87.1,81.2%
Spring Creek Community School,Brooklyn,6,s,70,5,,8.6,,,1.3,73.8,21.3,1.3,25.5,2.9,82.2,80.8%
Frederick Douglass Academy VIII Middle School,Brooklyn,52,s,101,7,,51.5,,,5.7,71.1,20.5,2.1,18.2,2.1,86.3,70.7%
Van Siclen Community Middle School,Brooklyn,15,s,89,6,,16.9,,,1.7,70.7,22.2,4.0,35.0,11.8,94.6,90.1%
Vista Academy,Brooklyn,24,s,124,9,,19.4,,,5.1,23.9,65.4,2.1,19.7,9.5,97.4,83.4%
Liberty Avenue Middle School,Brooklyn,12,s,152,11,,7.9,,,4.7,19.7,71.2,1.7,21.9,17.6,96.1,88.1%
School of the Future Brooklyn,Brooklyn,12,s,62,4,,19.4,,,1.5,65.7,30.3,1.5,25.9,10.4,92.5,94.1%
East New York Middle School of Excellence,Brooklyn,16,s,76,5,,21.1,,,2.8,57.7,37.5,2.0,27.7,10.3,90.5,90.1%
Highland Park Community School,Brooklyn,10,s,97,7,,10.3,,,2.8,16.9,76.2,0.9,19.7,12.5,93.7,83.2%
J.H.S. 062 Ditmas,Brooklyn,104,s,391,27,,26.6,,,32.6,19.8,33.1,13.6,18.4,21.5,87.4,83.0%
P.S. 192 - The Magnet School for Math and Science,Brooklyn,14,s,67,5,,20.9,,,21.7,1.8,47.1,28.7,20.8,31.8,85.2,89.7%
Urban Assembly School for Criminal Justice,Brooklyn,24,s,77,5,,31.2,,,47.7,16.4,18.3,15.8,14.4,14.9,94.4,84.0%
P.S. 095 The Gravesend,Brooklyn,12,s,48,3,,25.0,,,35.1,8.2,35.3,20.7,17.0,12.9,74.2,78.5%
P.S. 099 Isaac Asimov,Brooklyn,17,s,101,7,,16.8,,,42.2,7.5,17.8,31.6,12.9,27.9,73.7,79.3%
P.S. 121 Nelson A. Rockefeller,Brooklyn,7,s,31,2,,22.6,,,20.2,2.4,42.3,33.0,27.1,19.0,64.3,72.0%
P.S. 209 Margaret Mead,Brooklyn,33,s,67,5,,49.3,,,31.5,3.4,24.1,40.0,26.3,19.2,79.5,68.9%
P.S. K225 - The Eileen E. Zaglin,Brooklyn,42,s,139,10,,30.2,,,19.6,2.0,33.4,44.0,19.6,40.9,76.7,81.7%
P.S. 238 Anne Sullivan,Brooklyn,14,s,60,4,,23.3,,,20.9,4.1,49.6,24.2,20.3,33.1,81.3,84.4%
I.S. 303 Herbert S. Eisenberg,Brooklyn,38,s,182,13,,20.9,,,21.6,10.2,38.5,29.0,15.8,14.1,77.0,80.3%
Kingsborough Early College School,Brooklyn,15,s,100,7,,15.0,,,7.5,24.0,29.2,37.1,18.7,1.5,70.8,63.9%
Brooklyn Studio Secondary School,Brooklyn,19,s,100,7,,19.0,,,21.4,3.5,29.2,44.6,19.7,15.7,75.9,74.2%
J.H.S. 014 Shell Bank,Brooklyn,41,s,207,14,,19.8,,,14.9,38.9,16.6,28.0,24.8,24.4,91.2,82.3%
J.H.S. 078 Roy H. Mann,Brooklyn,35,s,198,14,,17.7,,,6.9,70.2,9.2,12.2,26.1,6.7,84.7,69.1%
P.S. 109,Brooklyn,12,s,102,7,,11.8,,,1.8,80.0,14.5,2.3,24.2,6.0,86.5,73.3%
P.S. 207 Elizabeth G. Leary,Brooklyn,43,s,140,10,,30.7,,,12.3,33.9,15.6,36.2,19.0,4.3,50.7,37.6%
Andries Hudde,Brooklyn,74,s,269,19,,27.5,,,18.6,58.0,13.6,8.5,17.6,13.7,85.2,72.5%
I. S. 381,Brooklyn,30,s,98,7,,30.6,,,9.0,52.5,20.1,16.4,18.4,15.6,68.9,70.5%
P.S. 041 Francis White,Brooklyn,s,s,63,4,,#VALUE!,,,0.4,60.0,31.3,3.3,32.6,7.7,98.2,95.9%
P.S./I.S. 137 Rachel Jean Mitchell,Brooklyn,9,s,33,2,,27.3,,,0.0,74.9,19.5,1.3,28.1,4.3,93.1,87.8%
P.S./ I.S. 155 Nicholas Herkimer,Brooklyn,8,s,34,2,,23.5,,,2.9,51.2,43.5,1.4,21.9,16.1,97.1,93.6%
P.S. 178 Saint Clair Mckelway,Brooklyn,s,s,30,2,,#VALUE!,,,1.9,75.3,18.0,3.2,18.8,5.6,88.1,90.1%
P.S. 184 Newport,Brooklyn,s,s,52,4,,#VALUE!,,,0.2,71.8,26.5,0.7,26.6,4.1,90.8,95.0%
"The Gregory Jocko Jackson School of Sports, Art, a",Brooklyn,9,s,48,3,,18.8,,,0.0,66.2,32.7,0.6,27.0,9.5,93.9,96.8%
P.S./I.S. 323,Brooklyn,10,s,71,5,,14.1,,,1.2,77.5,20.2,0.2,17.0,3.3,93.1,91.0%
P.S. 327 Dr. Rose B. English,Brooklyn,9,s,28,2,,32.1,,,1.2,66.4,28.7,2.1,24.2,9.2,97.6,93.8%
I.S. 392,Brooklyn,46,s,94,7,,48.9,,,4.1,74.9,15.6,0.7,16.6,0.7,74.6,65.5%
Kappa V (Knowledge and Power Preparatory Academy),Brooklyn,20,s,76,5,,26.3,,,0.0,87.7,9.2,0.4,30.7,1.3,82.0,80.6%
Mott Hall IV,Brooklyn,9,s,60,4,,15.0,,,1.3,85.6,12.5,0.0,38.1,1.9,89.4,90.7%
Eagle Academy for Young Men II,Brooklyn,12,s,85,6,,14.1,,,0.6,88.7,8.3,0.6,25.5,0.6,80.1,72.8%
Brooklyn Environmental Exploration School (BEES),Brooklyn,12,s,35,2,,34.3,,,0.0,73.7,18.9,5.3,40.0,6.3,97.9,92.4%
Riverdale Avenue Middle School,Brooklyn,6,s,46,3,,13.0,,,3.9,74.0,18.1,1.6,39.4,12.6,96.9,89.4%
Mott Hall Bridges Academy,Brooklyn,10,s,69,5,,14.5,,,1.0,82.9,15.6,0.5,25.6,0.0,94.5,90.8%
Teachers Preparatory High School,Brooklyn,s,s,29,2,,#VALUE!,,,2.0,75.6,17.6,4.0,34.4,6.8,88.0,87.2%
I.S. 061 Leonardo Da Vinci,Queens,93,s,715,50,,13.0,,,7.1,2.7,87.9,1.8,20.5,31.5,96.2,85.9%
I.S. 077,Queens,61,s,345,24,,17.7,,,9.2,2.2,78.3,10.0,28.1,21.3,92.1,80.1%
P.S./I.S. 087 Middle Village,Queens,12,s,75,5,,16.0,,,3.3,2.1,52.0,40.8,22.4,8.6,63.0,56.0%
I.S. 093 Ridgewood,Queens,78,s,378,26,,20.6,,,9.2,1.9,71.2,17.2,21.7,15.3,94.7,75.5%
P.S./I.S. 113 Anthony J. Pranzo,Queens,26,s,133,9,,19.5,,,5.2,1.0,41.9,50.8,15.2,5.1,55.5,32.2%
Corona Arts & Sciences Academy,Queens,16,s,120,8,,13.3,,,2.0,1.1,96.2,0.4,18.8,23.9,97.4,88.1%
"Robert F. Wagner, Jr. Secondary School for Arts an",Queens,35,s,51,4,,68.6,,,23.8,4.4,55.2,15.3,15.5,5.0,77.0,61.5%
P.S./M.S. 200 - The Pomonok School & STAR Academy,Queens,9,s,66,5,,13.6,,,14.8,21.6,46.9,14.4,16.3,5.2,72.2,53.8%
I.S. 250 The Robert F. Kennedy Community Middle Sc,Queens,41,s,158,11,,25.9,,,35.8,23.3,27.3,9.8,18.8,15.8,82.2,69.8%
The Queens School of Inquiry,Queens,23,s,75,5,,30.7,,,40.8,16.1,24.1,17.0,14.8,4.7,59.7,54.1%
World Journalism Preparatory: A College Board School,Queens,16,s,72,5,,22.2,,,15.0,3.7,35.6,43.7,18.7,1.6,56.4,43.6%
P.S./ IS 178 Holliswood,Queens,23,s,59,4,,39.0,,,12.9,6.9,10.2,67.5,14.3,5.5,36.7,31.5%
P.S./M.S 042 R. Vernam,Queens,s,s,56,4,,#VALUE!,,,1.4,72.6,22.6,1.4,26.1,3.5,96.0,90.7%
P.S. 043,Queens,7,s,62,4,,11.3,,,2.4,57.9,33.2,4.9,20.6,8.9,90.9,86.1%
P.S. 047 Chris Galas,Queens,s,s,14,1,,#VALUE!,,,0.5,1.4,18.5,78.2,25.5,1.4,34.3,36.3%
M.S. 053 Brian Piccolo,Queens,16,s,115,8,,13.9,,,1.1,52.1,43.1,1.5,32.6,20.6,80.9,85.5%
P.S. 105 The Bay School,Queens,7,s,82,6,,8.5,,,2.5,62.8,32.5,1.5,28.8,5.2,88.1,93.2%
P.S./M.S. 114 Belle Harbor,Queens,s,s,29,2,,#VALUE!,,,0.7,2.1,10.8,85.1,22.1,0.4,24.4,17.3%
P.S. 124 Osmond A Church,Queens,52,s,138,10,,37.7,,,48.1,20.0,22.1,3.0,12.1,7.2,62.7,67.4%
P.S. 146 Howard Beach,Queens,11,s,76,5,,14.5,,,4.3,2.1,38.6,54.0,22.1,1.9,47.5,31.3%
P.S. 207 Rockwood Park,Queens,14,s,83,6,,16.9,,,3.2,1.3,18.5,75.9,19.3,0.6,34.6,16.9%
J.H.S. 226 Virgil I. Grissom,Queens,58,s,331,23,,17.5,,,24.7,38.2,16.6,1.9,20.4,6.3,90.6,70.0%
P.S. 232 Lindenwood,Queens,33,s,102,7,,32.4,,,9.6,8.5,46.8,33.4,18.1,4.6,61.9,49.1%
Channel View School for Research,Queens,15,s,98,7,,15.3,,,8.7,42.9,34.3,12.0,12.8,2.0,72.6,63.3%
Knowledge and Power Preparatory Academy VI,Queens,42,s,84,6,,50.0,,,3.8,50.0,42.8,2.3,16.7,6.4,82.6,71.4%
Hawtree Creek Middle School,Queens,25,s,121,8,,20.7,,,32.2,34.7,20.2,1.6,20.5,4.4,91.5,63.4%
Academy of Medical Technology: A College Board School,Queens,13,s,73,5,,17.8,,,6.3,43.2,43.7,3.9,15.8,17.2,78.6,79.5%
Waterside School For Leadership,Queens,s,s,77,5,,#VALUE!,,,1.8,50.9,37.3,8.3,27.2,6.1,89.0,77.2%
Village Academy,Queens,37,s,122,9,,30.3,,,1.1,56.3,39.3,2.2,21.7,17.0,82.5,82.5%
Goldie Maple Academy,Queens,9,s,30,2,,30.0,,,3.5,69.9,20.8,2.1,6.8,0.2,79.2,70.2%
J.H.S. 008 Richard S. Grossley,Queens,12,s,100,7,,12.0,,,17.7,44.8,22.1,0.9,19.8,12.7,90.6,79.8%
Catherine & Count Basie Middle School 72,Queens,37,s,129,9,,28.7,,,8.8,68.5,14.7,2.1,29.1,6.9,81.3,74.6%
Metropolitan Expeditionary Learning School,Queens,21,s,126,9,,16.7,,,19.6,17.1,39.7,16.6,19.0,1.9,71.1,52.5%
York Early College Academy,Queens,21,s,93,7,,22.6,,,28.0,50.6,8.2,1.5,10.5,1.1,71.5,50.2%
The Emerson School,Queens,21,s,121,8,,17.4,,,19.7,50.7,20.3,2.2,25.8,12.6,85.8,75.3%
Queens Collegiate: A College Board School,Queens,24,s,76,5,,31.6,,,27.9,46.6,15.9,1.6,16.1,7.5,86.1,66.9%
Redwood Middle School,Queens,27,s,108,8,,25.0,,,16.2,67.0,9.7,2.3,24.3,3.9,68.9,59.7%
M.S. 358,Queens,47,s,122,9,,38.5,,,21.5,29.4,41.5,2.6,18.9,15.7,88.7,76.3%
I.S. 059 Springfield Gardens,Queens,56,s,195,14,,28.7,,,1.9,86.5,5.6,1.4,19.3,2.6,73.7,60.7%
P.S./I.S. 116 William C. Hughley,Queens,10,s,61,4,,16.4,,,6.8,54.0,35.2,1.6,22.3,15.9,78.2,80.5%
P.S./M.S. 138 Sunrise,Queens,10,s,104,7,,9.6,,,3.0,80.6,11.1,3.1,17.3,5.2,78.6,61.3%
P.S./M.S. 147 Ronald McNair,Queens,9,s,79,6,,11.4,,,2.2,89.0,6.6,1.0,18.0,5.2,72.3,55.4%
I.S. 192 The Linden,Queens,18,s,160,11,,11.3,,,3.7,78.4,9.9,1.2,22.2,8.4,72.0,59.1%
P.S./I.S. 208,Queens,28,s,102,7,,27.5,,,7.8,74.4,13.3,1.1,18.7,0.4,45.8,32.2%
I.S. 238 - Susan B. Anthony Academy,Queens,123,s,521,36,,23.6,,,28.6,36.7,28.1,2.1,13.4,16.7,89.7,73.3%
Pathways College Preparatory School: A College Board School,Queens,6,s,73,5,,8.2,,,5.7,85.6,5.0,1.2,16.3,3.8,73.9,48.9%
P.S./I.S. 268,Queens,27,s,61,4,,44.3,,,27.8,28.5,32.1,2.2,13.9,16.5,78.2,70.2%
The Gordon Parks School,Queens,35,s,97,7,,36.1,,,0.5,96.0,2.1,0.0,16.1,0.4,65.2,40.1%
Preparatory Academy for Writers: A College Board School,Queens,10,s,42,3,,23.8,,,2.6,88.4,5.3,0.7,16.2,1.5,68.7,53.0%
Queens United Middle School,Queens,21,s,87,6,,24.1,,,0.0,88.2,5.9,1.0,18.6,2.5,74.5,54.3%
P.S./I.S. 295,Queens,27,s,62,4,,43.5,,,36.5,24.0,29.4,3.4,16.7,9.5,77.4,56.8%
Eagle Academy for Young Men III,Queens,s,s,74,5,,#VALUE!,,,1.3,88.5,3.2,1.9,25.4,0.8,71.9,53.4%
Collaborative Arts Middle School,Queens,17,s,101,7,,16.8,,,1.6,86.6,9.2,0.3,26.6,4.6,77.0,61.7%
Community Voices Middle School,Queens,9,s,99,7,,9.1,,,1.7,86.4,9.6,0.7,26.5,5.6,71.2,65.9%
I.S. 010 Horace Greeley,Queens,56,s,249,17,,22.5,,,20.0,6.7,56.1,16.1,17.9,16.3,76.9,78.8%
P.S./I.S. 78Q,Queens,14,s,27,2,,51.9,,,22.1,3.7,28.5,39.9,10.9,4.5,26.9,24.2%
P.S. 127 Aerospace Science Magnet School,Queens,28,s,143,10,,19.6,,,13.1,10.8,74.1,1.6,15.5,28.7,84.9,77.2%
I.S. 204 Oliver W. Holmes,Queens,28,s,153,11,,18.3,,,15.9,16.7,60.3,6.4,27.1,17.6,89.3,85.9%
Academy for New Americans,Queens,6,s,49,3,,12.2,,,19.8,2.0,65.3,12.9,1.0,100.0,96.0,83.6%
"Young Women's Leadership School, Astoria",Queens,29,s,84,6,,34.5,,,34.7,7.3,39.5,17.7,12.2,4.2,85.1,71.2%
I.S. R002 George L. Egbert,Staten Island,75,s,288,20,,26.0,,,12.3,7.6,29.0,49.3,23.9,7.9,71.1,58.6%
The Eagle Academy for Young Men of Staten Island,Staten Island,18,s,68,5,,26.5,,,4.7,48.6,34.8,9.5,34.0,5.5,82.6,73.8%
I.S. 49 Berta A. Dreyfus,Staten Island,42,s,240,17,,17.5,,,9.0,34.8,46.1,9.2,35.5,13.2,94.1,87.3%
I.S. 061 William A Morris,Staten Island,40,s,328,23,,12.2,,,4.0,32.8,45.6,15.3,30.2,11.4,82.2,77.5%
The Michael J. Petrides School,Staten Island,22,s,93,7,,23.7,,,8.7,21.2,23.7,42.7,28.5,1.4,47.1,44.6%
Staten Island School of Civic Leadership,Staten Island,34,s,96,7,,35.4,,,12.5,20.2,43.0,20.1,25.1,3.3,78.6,62.9%
P.S./I.S. 045 Horace E. Greene,Brooklyn,24,s,63,4,,38.1,,,2.9,42.6,49.9,3.4,18.4,16.3,81.6,85.7%
J.H.S. 162 The Willoughby,Brooklyn,8,s,162,11,,4.9,,,3.3,5.6,87.5,2.8,23.9,18.1,90.3,91.8%
J.H.S. 291 Roland Hayes,Brooklyn,8,s,105,7,,7.6,,,1.1,14.6,82.1,1.4,25.7,28.2,96.8,95.5%
I.S. 347 School of Humanities,Brooklyn,11,s,99,7,,11.1,,,1.3,4.5,92.3,1.6,24.0,17.0,94.6,90.5%
"I.S. 349 Math, Science & Tech.",Brooklyn,7,s,82,6,,8.5,,,0.3,11.0,87.7,1.0,21.3,23.5,97.7,93.1%
P.S. 377 Alejandrina B. De Gautier,Brooklyn,20,s,45,3,,44.4,,,1.3,19.0,79.0,0.6,32.1,17.8,93.3,85.2%
J.H.S. 383 Philippa Schuyler,Brooklyn,179,s,284,20,,63.0,,,4.4,35.6,56.9,1.7,15.3,4.8,83.4,74.6%
P.S. /I.S. 384 Frances E. Carter,Brooklyn,8,s,58,4,,13.8,,,0.8,12.1,86.4,0.4,25.3,26.7,87.5,91.9%
All City Leadership Secondary School,Brooklyn,22,s,59,4,,37.3,,,7.1,8.3,76.3,8.0,8.0,1.6,85.3,70.2%
Evergreen Middle School for Urban Exploration,Brooklyn,10,s,96,7,,10.4,,,0.3,24.9,72.2,2.6,25.1,17.5,90.4,90.7%
P.S. K140,Brooklyn,s,s,30,2,,#VALUE!,,,3.0,66.3,24.8,2.0,99.7,9.2,89.4,92.4%
P.S. K369 - Coy L. Cox School,Brooklyn,s,s,59,4,,#VALUE!,,,5.2,55.7,30.8,7.2,99.8,11.9,88.6,90.1%
P.S. M094,Manhattan,s,s,24,2,,#VALUE!,,,7.1,30.4,44.6,16.7,99.8,18.4,82.4,85.1%
South Richmond High School I.S./P.S. 25,Staten Island,s,s,75,5,,#VALUE!,,,1.8,38.6,30.2,27.9,99.8,3.6,85.5,87.1%
P.S. X017,Bronx,s,s,44,3,,#VALUE!,,,1.9,38.5,53.1,4.5,99.8,19.0,90.4,93.3%
P.S. 168,Bronx,s,s,46,3,,#VALUE!,,,3.2,34.1,60.1,1.9,99.8,21.9,89.1,91.8%
P.S. X176,Bronx,s,s,96,7,,#VALUE!,,,2.1,42.1,48.4,6.3,100.0,10.6,81.6,84.9%
Explore Exceed Charter School,Brooklyn,38,s,53,4,,71.7,,,2.8,72.9,22.2,0.2,23.6,7.9,77.8,73.2%
Williamsburg Collegiate Charter School,Brooklyn,22,s,81,6,,27.2,,,0.3,27.2,71.2,1.2,21.7,6.8,83.9,78.3%
Achievement First Crown Heights Charter School,Brooklyn,49,s,80,6,,61.3,,,0.3,94.6,3.8,0.4,16.2,0.2,75.1,64.5%
KIPP AMP Charter School,Brooklyn,35,s,78,5,,44.9,,,1.6,86.0,9.6,0.4,16.8,1.9,84.1,77.3%
Achievement First East New York Charter School,Brooklyn,25,s,60,4,,41.7,,,0.7,75.5,21.5,0.6,12.7,1.9,83.5,73.0%
Launch Expeditionary Learning Charter School,Brooklyn,27,s,108,8,,25.0,,,1.3,81.5,13.6,0.7,25.5,4.3,93.7,87.1%
Explore Excel Charter School,Brooklyn,23,s,60,4,,38.3,,,1.1,91.7,4.4,0.6,18.6,6.3,78.7,63.8%
Invictus Preparatory Charter School,Brooklyn,30,s,91,6,,33.0,,,6.2,69.4,22.9,0.8,22.1,8.9,76.4,82.3%
Achievement First Endeavor Charter School,Brooklyn,32,s,80,6,,40.0,,,0.5,84.8,12.7,0.9,15.1,0.9,79.0,71.2%
Leadership Prep Bedford Stuyvesant Uncommon Prep C,Brooklyn,56,s,82,6,,68.3,,,1.0,81.6,12.1,1.2,10.6,2.3,79.4,72.6%
Community Roots Charter School,Brooklyn,16,s,55,4,,29.1,,,5.3,29.1,16.0,40.9,21.5,1.7,29.1,37.5%
Achievement First Bushwick Charter School,Brooklyn,53,s,94,7,,56.4,,,1.2,30.3,67.6,0.7,18.5,10.3,84.5,77.9%
Excellence Boys Charter School,Brooklyn,39,s,96,7,,40.6,,,3.2,82.0,10.7,1.3,17.2,1.7,75.7,69.6%
Kings Collegiate Charter School,Brooklyn,27,s,86,6,,31.4,,,0.3,90.0,7.2,0.3,15.5,1.1,76.4,69.5%
Achievement First Brownsville Charter School,Brooklyn,55,s,89,6,,61.8,,,0.9,86.4,11.0,0.4,12.3,2.5,83.4,76.2%
Bedford Stuyvesant Collegiate Charter School,Brooklyn,37,s,87,6,,42.5,,,1.4,63.0,32.5,0.6,15.3,4.2,70.9,74.5%
PAVE Academy Charter School,Brooklyn,41,s,46,3,,89.1,,,1.9,42.0,53.9,1.6,18.5,10.1,87.0,85.3%
Brooklyn Ascend Charter School,Brooklyn,48,s,109,8,,44.0,,,0.6,94.1,3.9,0.1,12.6,1.0,81.9,68.3%
Community Partnership Charter School,Brooklyn,17,s,49,3,,34.7,,,1.5,75.8,19.5,1.0,16.5,2.5,86.2,77.1%
Explore Charter School,Brooklyn,37,s,57,4,,64.9,,,0.0,82.4,14.4,0.2,13.5,6.6,76.5,70.0%
Brownsville Collegiate Charter School,Brooklyn,29,s,77,5,,37.7,,,0.9,66.2,25.9,0.9,18.4,6.1,86.0,81.9%
Leadership Preparatory Brownsville Charter School,Brooklyn,31,s,74,5,,41.9,,,0.1,83.7,14.7,0.4,12.6,2.0,90.6,80.7%
Excellence Girls Charter School,Brooklyn,59,s,110,8,,53.6,,,1.9,78.0,16.4,0.6,10.5,1.7,71.6,66.6%
Leadership Prep Canarsie Charter School (Leadershi,Brooklyn,21,s,90,6,,23.3,,,0.5,91.0,5.4,0.7,12.3,0.4,81.0,58.9%
Summit Academy Charter School,Brooklyn,7,s,47,3,,14.9,,,0.6,46.1,47.6,2.4,19.9,6.3,83.0,82.4%
Brooklyn Excelsior Charter School,Brooklyn,23,s,63,4,,36.5,,,1.0,79.4,18.1,0.5,14.6,3.5,73.1,80.0%
Brownsville Ascend Charter School,Brooklyn,24,s,110,8,,21.8,,,0.7,86.4,10.2,0.7,13.3,0.9,73.4,78.2%
Brooklyn Scholars Charter School,Brooklyn,26,s,72,5,,36.1,,,7.1,67.8,23.2,0.1,10.8,1.6,69.5,77.6%
Explore Empower Charter School,Brooklyn,26,s,56,4,,46.4,,,1.1,87.6,8.8,1.0,23.3,5.4,81.3,79.6%
Coney Island Preparatory Public Charter School,Brooklyn,22,s,90,6,,24.4,,,8.9,38.2,34.6,16.2,23.7,5.2,82.8,77.5%
Hebrew Language Academy Charter School,Brooklyn,26,s,64,4,,40.6,,,1.5,47.9,5.1,43.8,19.3,5.8,67.3,52.7%
Unity Prep Charter School,Brooklyn,15,s,105,7,,14.3,,,0.6,77.7,17.7,1.1,22.3,5.5,76.6,77.3%
Achievement First Apollo Charter School,Brooklyn,65,s,77,5,,84.4,,,4.7,60.5,32.5,1.2,12.0,6.2,85.6,76.6%
Leadership Preparatory Ocean Hill Charter School,Brooklyn,43,s,85,6,,50.6,,,0.9,83.8,11.5,0.7,10.1,2.4,81.6,73.8%
Ocean Hill Collegiate Charter School,Brooklyn,46,s,80,6,,57.5,,,0.9,83.1,11.3,0.3,11.9,3.0,81.9,70.3%
Brooklyn East Collegiate Charter School,Brooklyn,54,s,86,6,,62.8,,,1.8,81.0,7.3,0.9,16.8,2.1,80.1,68.4%
Bedford Stuyvesant New Beginnings Charter School,Brooklyn,26,s,60,4,,43.3,,,0.1,52.8,45.4,0.9,19.5,13.0,92.8,87.5%
Brooklyn Dreams Charter School,Brooklyn,29,s,70,5,,41.4,,,16.6,60.6,17.9,2.5,14.3,10.9,62.4,68.6%
Bushwick Ascend Charter School,Brooklyn,25,s,73,5,,34.2,,,1.1,22.0,75.2,1.0,16.0,16.8,82.2,80.1%
Brooklyn LABCharter School,Brooklyn,40,s,135,9,,29.6,,,1.7,78.3,15.2,1.7,29.2,1.8,67.4,74.9%
Democracy Prep Endurance Charter School,Manhattan,26,s,103,7,,25.2,,,0.3,66.3,30.1,1.0,20.2,5.5,75.5,77.2%
KIPP Washington Heights Middle School,Manhattan,19,s,82,6,,23.2,,,0.1,10.3,88.3,0.8,18.3,11.1,89.9,83.5%
Great Oaks Charter School,Manhattan,27,s,71,5,,38.0,,,8.4,25.6,61.9,2.8,29.8,4.2,69.3,72.7%
Capital Preparatory (CP) Harlem Charter School,Manhattan,s,s,82,6,,#VALUE!,,,0.4,72.1,26.2,0.0,21.9,1.7,60.9,72.8%
The Opportunity Charter School,Manhattan,12,s,71,5,,16.9,,,1.4,50.9,45.3,0.5,62.4,9.6,81.2,85.7%
Harlem Children's Zone Promise Academy 1 Charter S,Manhattan,23,s,88,6,,26.1,,,0.3,80.6,16.5,0.8,15.9,3.5,85.3,82.3%
Girls Preparatory Charter School of New York,Manhattan,16,s,54,4,,29.6,,,2.1,46.6,46.3,2.0,16.7,2.1,78.4,75.6%
Harlem Village Academy Leadership Charter School,Manhattan,10,s,55,4,,18.2,,,0.5,62.9,33.9,0.7,20.0,1.2,81.3,81.2%
KIPP Infinity Charter School,Manhattan,15,s,94,7,,16.0,,,0.4,28.2,69.6,1.3,23.1,10.1,87.7,83.0%
Harlem Children's Zone Promise Academy II Charter,Manhattan,18,s,76,5,,23.7,,,0.6,82.1,14.7,0.5,14.6,3.1,82.2,82.7%
Democracy Prep Charter School,Manhattan,27,s,105,7,,25.7,,,0.9,66.2,30.4,0.9,16.9,5.1,83.0,76.0%
Success Academy Charter School - Harlem 1,Manhattan,35,s,102,7,,34.3,,,1.1,71.7,22.6,1.7,14.5,2.5,73.1,72.7%
New Heights Academy Charter School,Manhattan,s,s,99,7,,#VALUE!,,,0.1,4.1,95.7,0.1,13.7,12.4,93.8,89.3%
DREAM Charter School,Manhattan,16,s,54,4,,29.6,,,1.6,30.5,65.3,1.2,26.8,6.5,86.0,84.9%
Success Academy Charter School - Harlem 2,Manhattan,37,s,70,5,,52.9,,,1.7,67.0,28.7,1.7,17.2,3.1,77.7,75.8%
Success Academy Charter School - Harlem 3,Manhattan,29,s,68,5,,42.6,,,1.1,61.2,33.6,1.8,19.0,3.3,74.7,75.8%
Success Academy Charter School - Harlem 4,Manhattan,20,s,67,5,,29.9,,,1.6,63.2,29.4,2.9,19.2,5.0,74.8,75.0%
St. HOPE Leadership Academy Charter School,Manhattan,22,s,84,6,,26.2,,,1.7,58.8,37.2,0.7,21.9,7.3,93.4,86.4%
The Equity Project Charter School (TEP),Manhattan,38,s,113,8,,33.6,,,0.1,3.6,95.1,0.7,21.3,28.1,90.6,82.5%
Inwood Academy for Leadership Charter School,Manhattan,20,s,121,8,,16.5,,,0.5,5.7,92.3,0.5,21.7,14.3,92.2,81.2%
Democracy Prep Harlem Charter School,Manhattan,21,s,108,8,,19.4,,,0.6,64.6,32.5,0.6,15.9,6.4,84.8,81.0%
Success Academy Charter School - Harlem 5,Manhattan,40,s,60,4,,66.7,,,1.1,67.8,27.2,1.1,17.2,5.5,82.1,79.9%
Harbor Science and Arts Charter School,Manhattan,7,s,21,1,,33.3,,,1.2,55.2,41.2,0.8,22.8,2.8,73.2,82.0%
Harlem Prep Charter School,Manhattan,13,s,100,7,,13.0,,,0.8,56.5,40.7,0.6,17.8,5.2,87.6,84.6%
Harlem Village Academy Charter School,Manhattan,8,s,56,4,,14.3,,,0.4,77.7,18.9,1.1,20.3,4.1,80.0,76.4%
KIPP STAR College Prep Charter School,Manhattan,18,s,68,5,,26.5,,,0.5,48.0,47.8,0.7,24.5,5.0,84.4,82.0%
Future Leaders Institute Charter School,Manhattan,13,s,34,2,,38.2,,,0.8,79.3,17.6,1.4,13.7,6.4,86.8,81.3%
Central Queens Academy Charter School,Queens,41,s,86,6,,47.7,,,18.5,12.0,65.8,3.5,9.0,9.2,86.0,75.1%
VOICE Charter School of New York,Queens,20,s,59,4,,33.9,,,14.7,12.6,59.8,8.7,16.1,17.3,81.8,67.6%
Growing Up Green Charter School,Queens,26,s,85,6,,30.6,,,12.5,12.3,36.9,31.4,21.1,8.7,47.1,52.9%
Challenge Preparatory Charter School,Queens,29,s,86,6,,33.7,,,1.0,80.2,15.0,1.8,15.1,2.6,81.3,71.0%
Riverton Street Charter School,Queens,33,s,78,5,,42.3,,,0.6,90.0,7.3,0.6,13.4,1.2,43.5,46.0%
Renaissance Charter School,Queens,13,s,53,4,,24.5,,,18.8,6.7,61.8,11.2,15.9,7.8,74.5,56.9%
Our World Neighborhood Charter School,Queens,35,s,63,4,,55.6,,,18.2,6.4,38.9,33.2,11.0,7.9,73.4,55.8%
John W. Lavelle Preparatory Charter School,Staten Island,16,s,113,8,,14.2,,,2.7,42.2,42.9,10.5,35.6,2.4,72.9,67.5%
New World Preparatory Charter School,Staten Island,26,s,125,9,,20.8,,,1.9,25.1,67.5,5.0,24.3,12.2,93.7,82.4%
Grand Concourse Charter School,Bronx,19,s,38,3,,50.0,,,3.6,34.7,58.0,2.0,10.0,14.3,88.9,79.3%
Mott Hall Charter School,Bronx,16,s,89,6,,18.0,,,0.4,36.6,59.4,1.2,17.7,15.7,93.3,91.9%
Bronx Lighthouse Charter School,Bronx,s,s,37,3,,#VALUE!,,,1.1,32.6,65.1,0.3,16.8,7.2,90.0,80.9%
Family Life Academy Charter School II,Bronx,30,s,50,4,,60.0,,,0.6,23.9,74.8,0.2,13.2,13.0,92.2,86.6%
Bronx Charter School for Excellence,Bronx,65,s,89,6,,73.0,,,24.1,39.4,33.9,1.2,9.1,9.0,77.3,60.0%
Hyde Leadership Charter School,Bronx,19,s,79,6,,24.1,,,0.4,30.2,68.4,0.5,22.5,13.0,90.4,84.1%
South Bronx Classical Charter School,Bronx,23,s,33,2,,69.7,,,2.4,36.4,58.8,1.8,11.7,18.8,88.1,82.8%
Icahn Charter School 2,Bronx,31,s,33,2,,93.9,,,5.3,30.6,59.7,2.5,11.2,5.3,66.3,58.8%
Bronx Global Learning Institute for Girls Charter,Bronx,22,s,43,3,,51.2,,,1.6,26.4,69.3,0.9,11.0,14.2,89.0,83.5%
Bronx Community Charter School,Bronx,19,s,51,4,,37.3,,,4.1,24.0,67.2,3.3,21.1,17.6,84.8,79.8%
Bronx Academy of Promise Charter School,Bronx,58,s,66,5,,87.9,,,1.6,40.4,57.0,0.2,14.9,12.3,88.4,84.9%
Icahn Charter School 3,Bronx,17,s,30,2,,56.7,,,2.8,63.5,29.7,2.8,9.6,2.5,81.4,59.5%
Atmosphere Charter School,Bronx,43,s,127,9,,33.9,,,2.0,18.1,77.8,1.0,22.2,12.2,86.0,80.6%
Metropolitan Lighthouse Charter School,Bronx,15,s,49,3,,30.6,,,0.4,38.1,58.5,1.2,10.2,14.4,88.3,87.3%
American Dream Charter School,Bronx,26,s,86,6,,30.2,,,0.0,6.1,93.0,0.3,17.1,17.4,96.2,91.4%
Dr. Richard Izquierdo Health and Science Charter S,Bronx,7,s,108,8,,6.5,,,0.6,26.2,70.6,1.5,20.7,10.4,90.7,87.6%
Girls Preparatory Charter School of the Bronx,Bronx,40,s,94,7,,42.6,,,0.4,33.8,62.3,1.2,17.7,5.8,86.7,81.0%
The Equality Charter School,Bronx,31,s,89,6,,34.8,,,1.6,65.0,31.7,0.9,20.2,3.1,78.0,62.4%
Academic Leadership Charter School,Bronx,32,s,83,6,,38.6,,,0.2,46.1,51.5,1.1,9.8,11.8,90.2,88.2%
South Bronx Early College Academy Charter School,Bronx,11,s,115,8,,9.6,,,0.3,32.2,66.4,0.9,27.4,12.4,88.8,86.6%
Success Academy Charter School - Bronx 1,Bronx,30,s,47,3,,63.8,,,1.4,54.1,42.3,0.4,11.2,4.0,80.5,81.7%
Icahn Charter School 4,Bronx,29,s,33,2,,87.9,,,2.8,60.9,32.2,1.3,7.5,0.3,73.1,63.6%
Icahn Charter School 5,Bronx,20,s,27,2,,74.1,,,4.1,58.0,31.0,5.6,6.9,0.9,65.2,53.0%
Bronx Preparatory Charter School,Bronx,22,s,115,8,,19.1,,,0.3,47.7,50.5,0.7,12.2,7.8,82.9,81.3%
KIPP Academy Charter School,Bronx,23,s,78,5,,29.5,,,0.2,41.3,56.5,0.6,17.5,10.8,87.4,80.7%
Harriet Tubman Charter School,Bronx,24,s,70,5,,34.3,,,0.4,62.9,34.6,0.7,8.8,11.2,79.1,87.2%
Icahn Charter School,Bronx,24,s,30,2,,80.0,,,1.2,49.8,48.3,0.0,7.3,7.3,84.2,79.6%
The 47 American Sign Language & English Lower School,Manhattan,,,10,1,1,,,,3.0,19.8,43.1,25.4,52.3,25.9,61.9,68.4%
Wadleigh Secondary School for the Performing & Visual Arts,Manhattan,,,16,1,1,,,,0.7,54.0,39.2,2.9,25.5,3.2,80.9,84.1%
KAPPA IV,Manhattan,,,45,3,3,,,,4.3,59.6,33.3,2.1,31.2,16.3,95.7,94.6%
I.S. 218 Salome Urena,Manhattan,,,65,5,5,,,,0.6,4.0,94.3,0.6,22.9,41.7,93.7,90.8%
New Directions Secondary School,Bronx,,,61,4,4,,,,0.9,24.8,69.2,0.9,32.9,35.5,95.7,96.1%
Satellite East Middle School,Brooklyn,,,29,2,2,,,,7.1,69.7,16.2,5.1,33.3,10.1,94.9,88.0%
Dock Street School for STEAM Studies,Brooklyn,,,15,1,1,,,,6.5,67.8,19.6,5.5,25.1,1.5,72.4,65.7%
P.S. 288 The Shirley Tanyhill,Brooklyn,,,51,4,4,,,,1.7,59.9,32.1,5.9,29.4,6.0,92.6,94.9%
Brownsville Collaborative Middle School,Brooklyn,,,30,2,2,,,,0.0,65.7,30.6,0.9,35.2,9.3,90.7,95.9%
P.S. 183 Dr. Richard R. Green,Queens,,,53,4,4,,,,3.0,55.8,31.8,5.5,32.2,5.9,92.8,90.8%
P.S. 111 Jacob Blackwell,Queens,,,25,2,2,,,,4.1,49.7,41.8,3.2,30.4,14.2,95.6,97.0%
P.S. 36,Brooklyn,,,21,1,1,,,,4.8,63.5,23.7,6.4,99.7,8.7,90.1,92.3%
P.S. K053,Brooklyn,,,34,2,2,,,,9.3,36.9,36.5,11.6,100.0,27.8,88.8,90.1%
P.S. K077,Brooklyn,,,16,1,1,,,,15.8,40.8,22.5,20.4,99.6,26.4,84.2,87.2%
P.S. K141,Brooklyn,,,43,3,3,,,,4.3,43.7,36.0,15.4,100.0,22.6,88.9,92.2%
P.S. K231,Brooklyn,,,15,1,1,,,,19.3,29.0,23.3,27.6,99.7,32.7,82.7,84.8%
P.S. 368,Brooklyn,,,34,2,2,,,,2.5,57.4,31.6,8.0,96.2,10.1,92.0,94.2%
P.S. 370,Brooklyn,,,48,3,3,,,,12.3,30.8,28.1,27.7,99.6,29.2,82.2,86.2%
P.S. K396,Brooklyn,,,22,2,2,,,,5.6,45.7,18.2,10.3,99.4,24.6,91.2,92.7%
P.S. K771,Brooklyn,,,37,3,3,,,,15.6,35.2,23.3,24.8,100.0,16.5,83.3,86.0%
P.S. K811 Connie Lekas School,Brooklyn,,,19,1,1,,,,9.0,51.6,21.5,14.6,99.7,29.6,91.6,92.8%
P.S. 138,Manhattan,,,44,3,3,,,,3.8,30.4,57.6,7.5,99.8,29.0,91.7,93.6%
P.S. M169 - Robert F. Kennedy,Manhattan,,,31,2,2,,,,1.1,50.0,43.5,3.8,99.7,11.6,93.0,94.8%
P.S. M226,Manhattan,,,19,1,1,,,,4.4,35.3,48.0,9.1,100.0,18.2,85.1,87.9%
P.S. M811 - Mickey Mantle School,Manhattan,,,26,2,2,,,,1.6,42.1,50.9,4.8,99.7,16.4,88.5,91.6%
P.S. Q004,Queens,,,19,1,1,,,,24.3,26.1,32.2,12.4,99.5,13.9,75.2,77.2%
P.S. 009,Queens,,,61,4,4,,,,11.1,32.9,44.7,10.6,99.7,29.2,82.1,83.8%
P.S. Q023 @ Queens Children Center,Queens,,,30,2,2,,,,10.2,39.3,26.8,21.7,80.8,4.8,83.4,83.4%
Robert E. Peary School,Queens,,,55,4,4,,,,14.2,30.1,41.5,8.4,99.8,30.4,81.1,83.6%
P.S. Q177,Queens,,,71,5,5,,,,19.8,31.6,22.5,24.3,99.6,24.5,78.3,79.5%
P.S. Q224,Queens,,,24,2,2,,,,22.7,19.8,31.2,9.4,100.0,20.8,70.3,72.8%
P.S. Q233,Queens,,,19,1,1,,,,16.9,32.5,28.8,16.0,100.0,26.7,85.4,86.8%
P.S. Q255,Queens,,,23,2,2,,,,19.2,10.5,37.5,29.9,99.8,40.1,76.2,77.9%
P.S. Q256,Queens,,,37,3,3,,,,5.9,50.4,31.2,11.8,86.9,13.1,80.0,85.6%
The Riverview School,Queens,,,47,3,3,,,,25.1,17.9,40.9,14.4,99.8,42.2,77.9,80.0%
P.S. Q811,Queens,,,16,1,1,,,,19.2,33.3,27.6,14.6,99.8,22.8,82.7,83.9%
P.S. Q993,Queens,,,21,1,1,,,,21.1,18.3,38.7,20.3,99.8,39.2,78.9,81.1%
P.S. R037,Staten Island,,,23,2,2,,,,5.4,15.2,31.1,45.5,100.0,6.9,77.4,78.7%
P.S. R373,Staten Island,,,9,1,1,,,,4.6,26.0,30.9,34.9,100.0,13.3,80.5,82.2%
The Richard H. Hungerford School,Staten Island,,,36,3,3,,,,6.5,18.9,33.2,39.5,99.6,14.9,91.4,93.0%
P.S. X010,Bronx,,,39,3,3,,,,1.5,33.9,56.8,6.7,100.0,22.3,91.4,93.4%
P.S. X012 Lewis and Clark School,Bronx,,,16,1,1,,,,3.9,29.6,55.9,3.9,100.0,32.6,92.8,94.9%
P186X Walter J. Damrosch School,Bronx,,,56,4,4,,,,1.9,40.5,52.7,3.4,99.5,28.8,92.9,95.4%
P.S. X188,Bronx,,,74,5,5,,,,2.6,37.0,55.6,3.6,99.6,23.3,89.3,93.3%
P.S. 723,Bronx,,,51,4,4,,,,1.3,34.4,55.7,5.8,98.3,9.2,94.4,95.6%
Restart Academy,Manhattan,,,145,10,10,,,,3.2,37.3,46.6,10.4,39.4,12.9,85.3,88.0%
Passages Academy,Bronx,,,35,2,2,,,,0.0,56.1,34.1,8.5,57.8,8.5,100.0,94.9%
